--  LTD_CUSTOMER
insert into ltd_customer (email, phone, street, city, state, zip, customer_type) values ('reikedezotru-1045@gmail.com',6464006103,'1268 Elm Drive','Garden City', 'NY', 11530, 'i'); 
insert into ltd_customer (email, phone, street, city, state, zip, customer_type) values ('wajougroulage-5993@yopmail.com',4402423072,'860 Ralph Drive','Lorain', 'OH', 44052, 'c'); 
insert into ltd_customer (email, phone, street, city, state, zip, customer_type) values ('pruppitrubuta-1541@outlook.com',5309181100,'1399 Maxwell Farm Road','Mount Shasta', 'CA', 96067, 'c'); 
insert into ltd_customer (email, phone, street, city, state, zip, customer_type) values ('solujicifrou-1777@yopmail.com',3166950524,'334 Williams Lane','Wichita', 'KS', 67202, 'c'); 
insert into ltd_customer (email, phone, street, city, state, zip, customer_type) values ('trissaddeddoutoi-6616@163.com',3375991592,'4021 Bridge Avenue','Pine Prairie', 'LA', 70576, 'i'); 
insert into ltd_customer (email, phone, street, city, state, zip, customer_type) values ('naffureussofou-8723@nyu.edu',9175520909,'451 Duncan Avenue','New York', 'NY', 10016, 'c'); 
insert into ltd_customer (email, phone, street, city, state, zip, customer_type) values ('ceissazassuddeu-8182@nyu.edu',9172040218,'4985 Small Street','New York', 'NY', 10038, 'c'); 
insert into ltd_customer (email, phone, street, city, state, zip, customer_type) values ('crossinnaucagre@icloud.com',4349718347,'1677 North Street','Charlottesville', 'VA', 22903, 'i'); 
insert into ltd_customer (email, phone, street, city, state, zip, customer_type) values ('keigoippeipeitrei@icloud.com',2675252024,'2671 Quincy Street','Philadelphia', 'PA', 19108, 'i'); 
insert into ltd_customer (email, phone, street, city, state, zip, customer_type) values ('hoppadilloummu-2988@gmail.com',2483029308,'2655 Bombardier Way','Southfield', 'MI', 48075, 'i'); 
insert into ltd_customer (email, phone, street, city, state, zip, customer_type) values ('crebreveyecre-4260@gmail.com',7204913594,'4213 Clearview Drive','Longmont', 'CO', 80501, 'c'); 
insert into ltd_customer (email, phone, street, city, state, zip, customer_type) values ('breveyecrece-1984@outlook.com',3343358033,'447 Fleming Street','Luverne', 'AL', 36049, 'c'); 
insert into ltd_customer (email, phone, street, city, state, zip, customer_type) values ('yaudajedeikeu-3539@163.com',5135643271,'3454 Rogers Street','Cincinnati', 'OH', 45202, 'i'); 
insert into ltd_customer (email, phone, street, city, state, zip, customer_type) values ('trujeigaulattou-7527@gmail.com',8643607413,'1068 Deer Haven Drive','Piedmont', 'SC', 29673, 'i'); 
insert into ltd_customer (email, phone, street, city, state, zip, customer_type) values ('podducezesse-2447@icloud.com',7177499568,'2109 Aaron Smith Drive','Waynesboro', 'PA', 17268, 'i'); 
insert into ltd_customer (email, phone, street, city, state, zip, customer_type) values ('todducemis-2547@yopmail.com',7039860119,'2352 Broadcast Drive','Washington', 'VA', 20004, 'c'); 
insert into ltd_customer (email, phone, street, city, state, zip, customer_type) values ('yaumewekoha-8071@yahoo.com',2064907916,'4488 Elliot Avenue','Seattle', 'WA', 98101, 'i'); 
insert into ltd_customer (email, phone, street, city, state, zip, customer_type) values ('xaumeweloha-1091@yopmail.com',2099875145,'2555 Freed Drive','Stockton', 'CA', 95202, 'c'); 
insert into ltd_customer (email, phone, street, city, state, zip, customer_type) values ('trebregrayodeu-5596@nyu.edu',9172045718,'381 Farnum Road','New York', 'NY', 10004, 'c'); 
insert into ltd_customer (email, phone, street, city, state, zip, customer_type) values ('doixauwunuse-5266@qq.com',9172096196,'1905 Bell Street','New York', 'NY', 10038, 'i'); 
commit;


--  LTD_INDI_CUS
insert into ltd_indi_cus (email, license_id, cus_fn, cus_ln, insurance_name, insurance_no) values ('reikedezotru-1045@gmail.com','588203864','Alayna','Stracke', 'Nationwide', '5057777700'); 
insert into ltd_indi_cus (email, license_id, cus_fn, cus_ln, insurance_name, insurance_no) values ('trissaddeddoutoi-6616@163.com','002951620','Linwood','Dare', 'Geico', '1409868243'); 
insert into ltd_indi_cus (email, license_id, cus_fn, cus_ln, insurance_name, insurance_no) values ('crossinnaucagre@icloud.com','908879746','Enola','Kessler', 'Travelers', '6829484661'); 
insert into ltd_indi_cus (email, license_id, cus_fn, cus_ln, insurance_name, insurance_no) values ('keigoippeipeitrei@icloud.com','25296257','Bridgette','Hand', 'Nationwide', '5410361553'); 
insert into ltd_indi_cus (email, license_id, cus_fn, cus_ln, insurance_name, insurance_no) values ('hoppadilloummu-2988@gmail.com','H588540221069','Sam','Predovic', 'Auto-Owners Insurance', '2533785131'); 
insert into ltd_indi_cus (email, license_id, cus_fn, cus_ln, insurance_name, insurance_no) values ('yaudajedeikeu-3539@163.com','ND158958','Abner','Romaguera', 'Erie Insurance', '2330015708'); 
insert into ltd_indi_cus (email, license_id, cus_fn, cus_ln, insurance_name, insurance_no) values ('trujeigaulattou-7527@gmail.com','058600537','Reece','Upton', 'Travelers', '3813212070'); 
insert into ltd_indi_cus (email, license_id, cus_fn, cus_ln, insurance_name, insurance_no) values ('podducezesse-2447@icloud.com','26806489','Allison','Franecki', 'State Farm', '4267990931'); 
insert into ltd_indi_cus (email, license_id, cus_fn, cus_ln, insurance_name, insurance_no) values ('yaumewekoha-8071@yahoo.com','FDQWERL25495','Elna','McGlynn', 'Erie Insurance', '2431337716'); 
insert into ltd_indi_cus (email, license_id, cus_fn, cus_ln, insurance_name, insurance_no) values ('doixauwunuse-5266@qq.com','101016329','Einar','Ferry', 'Auto-Owners Insurance', '4642951218');  
commit;

--  LTD_INDI_COUPON
alter table ltd_indi_coupon add constraint end_date check (end_date>=start_date);
insert into ltd_indi_coupon (indi_coupon_id, indi_discount_rate, start_date, end_date, license_id) values (6264083937,0.8,to_date('01-AUG-20','DD-MON-RR'),to_date('01-SEP-20','DD-MON-RR'), '588203864'); 
insert into ltd_indi_coupon (indi_coupon_id, indi_discount_rate, start_date, end_date, license_id) values (4200713646,0.9,to_date('01-OCT-20','DD-MON-RR'),to_date('01-DEC-20','DD-MON-RR'), '588203864'); 
insert into ltd_indi_coupon (indi_coupon_id, indi_discount_rate, start_date, end_date, license_id) values (7193258878,0.9,to_date('20-JAN-20','DD-MON-RR'),to_date('20-FEB-20','DD-MON-RR'), '002951620'); 
insert into ltd_indi_coupon (indi_coupon_id, indi_discount_rate, start_date, end_date, license_id) values (9735879478,0.7,to_date('20-MAR-20','DD-MON-RR'),to_date('20-APR-20','DD-MON-RR'), '002951620'); 
insert into ltd_indi_coupon (indi_coupon_id, indi_discount_rate, start_date, end_date, license_id) values (4198309397,0.9,to_date('01-OCT-20','DD-MON-RR'),to_date('01-NOV-20','DD-MON-RR'), '908879746'); 
insert into ltd_indi_coupon (indi_coupon_id, indi_discount_rate, start_date, end_date, license_id) values (8940854222,0.6,to_date('01-JAN-21','DD-MON-RR'),to_date('01-MAR-21','DD-MON-RR'), '25296257'); 
insert into ltd_indi_coupon (indi_coupon_id, indi_discount_rate, start_date, end_date, license_id) values (8918830061,0.8,to_date('01-JUN-21','DD-MON-RR'),to_date('01-JUL-21','DD-MON-RR'), 'H588540221069'); 
insert into ltd_indi_coupon (indi_coupon_id, indi_discount_rate, start_date, end_date, license_id) values (4299540433,0.8,to_date('01-MAY-21','DD-MON-RR'),to_date('01-JUN-21','DD-MON-RR'), 'ND158958'); 
insert into ltd_indi_coupon (indi_coupon_id, indi_discount_rate, start_date, end_date, license_id) values (4422823870,0.9,to_date('01-APR-21','DD-MON-RR'),to_date('01-MAY-21','DD-MON-RR'), '058600537'); 
insert into ltd_indi_coupon (indi_coupon_id, indi_discount_rate, start_date, end_date, license_id) values (5294034487,0.75,to_date('01-MAY-21','DD-MON-RR'),to_date('01-AUG-21','DD-MON-RR'), '26806489'); 
insert into ltd_indi_coupon (indi_coupon_id, indi_discount_rate, start_date, end_date, license_id) values (6428346312,0.85,to_date('20-JAN-21','DD-MON-RR'),to_date('20-MAY-21','DD-MON-RR'), 'FDQWERL25495'); 
insert into ltd_indi_coupon (indi_coupon_id, indi_discount_rate, start_date, end_date, license_id) values (2108149161,0.9,to_date('01-JAN-22','DD-MON-RR'),to_date('21-JAN-22','DD-MON-RR'), '101016329'); 
insert into ltd_indi_coupon (indi_coupon_id, indi_discount_rate, start_date, end_date, license_id) values (9927676813,0.6,to_date('01-DEC-21','DD-MON-RR'),to_date('21-DEC-21','DD-MON-RR'), '101016329'); 
commit;


-- LTD_CORP_COUPON
insert into ltd_corp_coupon (c_discount_rate, corp_coupon_id) values (0.6,7165052063); 
insert into ltd_corp_coupon (c_discount_rate, corp_coupon_id) values (0.8,5282244975); 
insert into ltd_corp_coupon (c_discount_rate, corp_coupon_id) values (0.9,1727843195); 
insert into ltd_corp_coupon (c_discount_rate, corp_coupon_id) values (0.85,6315255780); 
insert into ltd_corp_coupon (c_discount_rate, corp_coupon_id) values (0.8,2828349816); 
insert into ltd_corp_coupon (c_discount_rate, corp_coupon_id) values (0.7,952265369); 
insert into ltd_corp_coupon (c_discount_rate, corp_coupon_id) values (0.7,8560060722); 
insert into ltd_corp_coupon (c_discount_rate, corp_coupon_id) values (0.8,2925966320); 
insert into ltd_corp_coupon (c_discount_rate, corp_coupon_id) values (0.9,2868170271); 
insert into ltd_corp_coupon (c_discount_rate, corp_coupon_id) values (0.7,8818590786); 
commit;


-- LTD_CORP_CUS
insert into ltd_corp_cus (email, corp_no, emp_id, corp_name, corp_coupon_id) values ('wajougroulage-5993@yopmail.com','4','CH84978299','CHICO Hairdressing Inc.',1727843195); 
insert into ltd_corp_cus (email, corp_no, emp_id, corp_name, corp_coupon_id) values ('pruppitrubuta-1541@outlook.com','2','MS58616803','Microsoft Corporation',5282244975); 
insert into ltd_corp_cus (email, corp_no, emp_id, corp_name, corp_coupon_id) values ('solujicifrou-1777@yopmail.com','5','TG85184809','Techni-Glass Ltd.',2925966320); 
insert into ltd_corp_cus (email, corp_no, emp_id, corp_name, corp_coupon_id) values ('naffureussofou-8723@nyu.edu','1','N63261165','New York University',7165052063); 
insert into ltd_corp_cus (email, corp_no, emp_id, corp_name, corp_coupon_id) values ('ceissazassuddeu-8182@nyu.edu','1','N77414822','New York University',7165052063); 
insert into ltd_corp_cus (email, corp_no, emp_id, corp_name, corp_coupon_id) values ('crebreveyecre-4260@gmail.com','3','G80970673','Alphabet Inc.',6315255780); 
insert into ltd_corp_cus (email, corp_no, emp_id, corp_name, corp_coupon_id) values ('breveyecrece-1984@outlook.com','2','MS43062333','Microsoft Corporation',5282244975); 
insert into ltd_corp_cus (email, corp_no, emp_id, corp_name, corp_coupon_id) values ('todducemis-2547@yopmail.com','6','A24445062','Aceable, Inc.',952265369); 
insert into ltd_corp_cus (email, corp_no, emp_id, corp_name, corp_coupon_id) values ('xaumeweloha-1091@yopmail.com','7','I02810430','Ibotta, Inc.',8818590786); 
insert into ltd_corp_cus (email, corp_no, emp_id, corp_name, corp_coupon_id) values ('trebregrayodeu-5596@nyu.edu','1','N36213671','New York University',7165052063); 
commit;

-- LTD_VEHICLE_CLASS
insert into LTD_vehicle_class
   (class_name, rental_rate, over_millage_fee) 
 values 
   ('small car', 50, 1);

insert into LTD_vehicle_class
   (class_name, rental_rate, over_millage_fee) 
 values 
   ('mid size car', 60, 2);
   
insert into LTD_vehicle_class
   (class_name, rental_rate, over_millage_fee) 
 values 
   ('large car', 70, 3);
   
insert into LTD_vehicle_class
   (class_name, rental_rate, over_millage_fee) 
 values 
   ('truck', 75, 4);
   
insert into LTD_vehicle_class
   (class_name, rental_rate, over_millage_fee) 
 values 
   ('SUV', 80, 5);
   
insert into LTD_vehicle_class
   (class_name, rental_rate, over_millage_fee) 
 values 
  ('Premium SUV', 85, 6);
   
insert into LTD_vehicle_class
   (class_name, rental_rate, over_millage_fee) 
 values 
   ('Mini Van', 90, 7);
   
insert into LTD_vehicle_class
   (class_name, rental_rate, over_millage_fee) 
 values 
   ('convertable', 95, 8);
   
insert into LTD_vehicle_class
   (class_name, rental_rate, over_millage_fee) 
 values 
   ('race car', 100, 9);
   
insert into LTD_vehicle_class
   (class_name, rental_rate, over_millage_fee) 
 values 
   ('electricity car', 105, 10);
commit;   
   
   
   

-- LTD_WOW_OFFICE

insert into LTD_wow_office (office_id, office_name, phone, street, city, state, zip) values (1, 'A office', 8156222725, 'lombardy street', 'Landilne', 'IL', 07281);
insert into LTD_wow_office (office_id, office_name, phone, street, city, state, zip) values (2, 'B office', 3233438342, 'sunset avenue', 'caliform', 'CA', 17782);
insert into LTD_wow_office (office_id, office_name, phone, street, city, state, zip) values (3, 'C office', 7347837284, 'hasker streer', 'centre city', 'MI', 992871);
insert into LTD_wow_office (office_id, office_name, phone, street, city, state, zip) values (4, 'D office', 8172624391, 'axe first', 'sandy county', 'TX', 274627);
insert into LTD_wow_office (office_id, office_name, phone, street, city, state, zip) values (5, 'E office', 9193961849, 'st kings', 'matilda city', 'NC', 872733);
insert into LTD_wow_office (office_id, office_name, phone, street, city, state, zip) values (6, 'F office', 3372703067, 'st david', 'leon village', 'LA', 165887);
insert into LTD_wow_office (office_id, office_name, phone, street, city, state, zip) values (7, 'G office', 5079265194, 'st mary', 'jasmin city', 'MN', 766437);
insert into LTD_wow_office (office_id, office_name, phone, street, city, state, zip) values (8, 'H office', 3346451904, 'greate jhson', 'lagard', 'AL', 08892);
insert into LTD_wow_office (office_id, office_name, phone, street, city, state, zip) values (9, 'I office', 9704656295, 'loiuse street', 'swiiss county', 'CO', 727661);
insert into LTD_wow_office (office_id, office_name, phone, street, city, state, zip) values (10, 'J office', 3153086474, 'pavonia avenue', 'jesus city', 'NJ', 07306);
commit;
   
   
-- LTD_VEHICLE
insert into LTD_vehicle (vin, make, model, year, license_plate_number, status, class_name, office_id) values ('1N4DL01D2XC212827'
, 'Nissan', 'Maxima', 2010, 'SC39724', 1, 'mid size car', 1);

insert into LTD_vehicle (vin, make, model, year, license_plate_number, status, class_name, office_id) values ('3VWPP7AJXDM655051'
, 'Nissan', 'Maxima', 2011, 'DV38576', 1, 'mid size car', 1);

insert into LTD_vehicle (vin, make, model, year, license_plate_number, status, class_name, office_id) values ('1FTFW1ET9DFC24713'
, 'Audi', 'RS', 2011, '9682TX', 1, 'race car', 2);

insert into LTD_vehicle (vin, make, model, year, license_plate_number, status, class_name, office_id) values ('1D7HU18206S690287'
, 'Audi', 'A4', 2010, 'XSZ904', 1, 'small car', 3);

insert into LTD_vehicle (vin, make, model, year, license_plate_number, status, class_name, office_id) values ('1FTYR11E06PA11413'
, 'Toyota', 'Camery', 2007, '6L83236', 1, 'mid size car', 4);

insert into LTD_vehicle (vin, make, model, year, license_plate_number, status, class_name, office_id) values ('19UUA5648XA027300'
, 'BMW', 'X5', 2015, '8CEW092', 1, 'SUV', 5);

insert into LTD_vehicle (vin, make, model, year, license_plate_number, status, class_name, office_id) values ('1J4GS48K86C205394'
, 'BMW', 'M1', 2010, 'BGS536', 1, 'convertable', 6);

insert into LTD_vehicle (vin, make, model, year, license_plate_number, status, class_name, office_id) values ('3GNAL2EK5DS687791'
, 'Ford', 'Mustang', 2014, 'GML5411', 1, 'convertable', 7);

insert into LTD_vehicle (vin, make, model, year, license_plate_number, status, class_name, office_id) values ('1FTCR10A0TUA90846'
, 'Ford', 'Mustang', 2018, 'CLD6169', 1, 'convertable', 8);

insert into LTD_vehicle (vin, make, model, year, license_plate_number, status, class_name, office_id) values ('JTEEP21A460119291'
, 'Lamborghini', 'AVENTADOR', 2019, '6BPC403', 1, 'race car', 9);

insert into LTD_vehicle (vin, make, model, year, license_plate_number, status, class_name, office_id) values ('KNAGM4A79B5148561'
, 'Lamborghini', 'URUS', 2019, '412SKB', 1, 'SUV', 9);

insert into LTD_vehicle (vin, make, model, year, license_plate_number, status, class_name, office_id) values ('JM1BK144671795114'
, 'Aston Martin', 'DB11', 2020, '7SKX652', 1, 'race car', 9);

insert into LTD_vehicle (vin, make, model, year, license_plate_number, status, class_name, office_id) values ('3FA6P0LUXER272699'
, 'Aston Martin', 'Valkyrie', 2022, 'BB9749', 1, 'race car', 1);
commit;

-- LTD_RENT_RECORD
alter table LTD_rent_record add constraint dropoff_date check (dropoff_date>=pickup_date);

insert into LTD_rent_record (record_id, pickup_office_id, dropoff_office_id, pickup_date, dropoff_date, start_meter, end_meter, daliy_meter_limit, email, vin) 
values 
(default, 1, 1, to_date('17-JUN-19','DD-MON-RR'), to_date('18-JUN-19','DD-MON-RR'), 12000, 12300, 500, 'yaumewekoha-8071@yahoo.com', '1N4DL01D2XC212827');

insert into LTD_rent_record (record_id, pickup_office_id, dropoff_office_id, pickup_date, dropoff_date, start_meter, end_meter, daliy_meter_limit, email, vin) 
values 
(default, 1, 1, to_date('20-MAY-20','DD-MON-RR'), to_date('22-MAY-20','DD-MON-RR'), 12000, 12300, 500, 'wajougroulage-5993@yopmail.com', '3VWPP7AJXDM655051');

insert into LTD_rent_record (record_id, pickup_office_id, dropoff_office_id, pickup_date, dropoff_date, start_meter, end_meter, daliy_meter_limit, email, vin) 
values 
(default, 2, 2, to_date('10-OCT-20','DD-MON-RR'), to_date('11-OCT-20','DD-MON-RR'), 10000, 12300, -1, 'pruppitrubuta-1541@outlook.com', '1FTFW1ET9DFC24713');

insert into LTD_rent_record (record_id, pickup_office_id, dropoff_office_id, pickup_date, dropoff_date, start_meter, end_meter, daliy_meter_limit, email, vin) 
values 
(default, 3, 3, to_date('08-JUN-21','DD-MON-RR'), to_date('09-JUN-21','DD-MON-RR'), 15000, 16089, 500, 'solujicifrou-1777@yopmail.com', '1D7HU18206S690287');

insert into LTD_rent_record (record_id, pickup_office_id, dropoff_office_id, pickup_date, dropoff_date, start_meter, end_meter, daliy_meter_limit, email, vin) 
values 
(default, 4, 4, to_date('12-JUN-21','DD-MON-RR'), to_date('20-JUN-21','DD-MON-RR'), 10000, 10700, -1, 'trissaddeddoutoi-6616@163.com', '1FTYR11E06PA11413');

insert into LTD_rent_record (record_id, pickup_office_id, dropoff_office_id, pickup_date, dropoff_date, start_meter, end_meter, daliy_meter_limit, email, vin) 
values 
(default, 5, 5, to_date('20-JUN-21','DD-MON-RR'), to_date('25-JUN-21','DD-MON-RR'), 9000, 10700, -1, 'naffureussofou-8723@nyu.edu', '19UUA5648XA027300');

insert into LTD_rent_record (record_id, pickup_office_id, dropoff_office_id, pickup_date, dropoff_date, start_meter, end_meter, daliy_meter_limit, email, vin) 
values 
(default, 6, 6, to_date('25-JUN-21','DD-MON-RR'), to_date('27-JUN-21','DD-MON-RR'), 8000, 8500, 1000, 'ceissazassuddeu-8182@nyu.edu', '1J4GS48K86C205394');

insert into LTD_rent_record (record_id, pickup_office_id, dropoff_office_id, pickup_date, dropoff_date, start_meter, end_meter, daliy_meter_limit, email, vin) 
values 
(default, 7, 7, to_date('01-MAY-21','DD-MON-RR'), to_date('05-MAY-21','DD-MON-RR'), 8000, 8500, 1000, 'crossinnaucagre@icloud.com', '3GNAL2EK5DS687791');

insert into LTD_rent_record (record_id, pickup_office_id, dropoff_office_id, pickup_date, dropoff_date, start_meter, end_meter, daliy_meter_limit, email, vin) 
values 
(default, 8, 8, to_date('10-JAN-22','DD-MON-RR'), to_date('11-JAN-22','DD-MON-RR'), 8000, 8500, 1000, 'keigoippeipeitrei@icloud.com', '1FTCR10A0TUA90846');

insert into LTD_rent_record (record_id, pickup_office_id, dropoff_office_id, pickup_date, dropoff_date, start_meter, end_meter, daliy_meter_limit, email, vin) 
values 
(default, 9, 9, to_date('20-FEB-22','DD-MON-RR'), to_date('22-FEB-22','DD-MON-RR'), 8000, 8500, 1000, 'hoppadilloummu-2988@gmail.com', 'JTEEP21A460119291');
commit;



-- LTD_PAYMENT
insert into LTD_payment (payment_id, payment_date, payment_status, payment_type, card_no, invoice_id) 
values 
(1, to_date('18-JUN-19','DD-MON-RR'), 'approved', 'credit card', '4539727885860973', 1);

insert into LTD_payment (payment_id, payment_date, payment_status, payment_type, card_no, invoice_id) 
values 
(2, to_date('22-MAY-20','DD-MON-RR'), 'approved', 'debit card', '4929622139534755', 2);

insert into LTD_payment (payment_id, payment_date, payment_status, payment_type, card_no, invoice_id) 
values 
(3, to_date('11-OCT-20','DD-MON-RR'), 'approved', 'debit card', '4716035186596478613', 3);

insert into LTD_payment (payment_id, payment_date, payment_status, payment_type, card_no, invoice_id) 
values 
(4, to_date('09-JUN-21','DD-MON-RR'), 'approved', 'credit card', '2221007539255434', 4);

insert into LTD_payment (payment_id, payment_date, payment_status, payment_type, card_no, invoice_id) 
values 
(5, to_date('20-JUN-21','DD-MON-RR'), 'approved', 'bebit card', '5221766410559791', 5);

insert into LTD_payment (payment_id, payment_date, payment_status, payment_type, card_no, invoice_id) 
values 
(6, to_date('25-JUN-21','DD-MON-RR'), 'approved', 'credit card', '5512435899910044', 6);

insert into LTD_payment (payment_id, payment_date, payment_status, payment_type, card_no, invoice_id) 
values 
(7, to_date('27-JUN-21','DD-MON-RR'), 'approved', 'credit card', '373903761866783', 7);

insert into LTD_payment (payment_id, payment_date, payment_status, payment_type, card_no, invoice_id) 
values 
(8, to_date('05-MAY-21','DD-MON-RR'), 'approved', 'debit card', '348420970316866', 8);

insert into LTD_payment (payment_id, payment_date, payment_status, payment_type, card_no, invoice_id) 
values 
(9, to_date('11-JAN-22','DD-MON-RR'), 'approved', 'credit card', '372434040236961', 9);

insert into LTD_payment (payment_id, payment_date, payment_status, payment_type, card_no, invoice_id) 
values 
(10, to_date('22-FEB-22','DD-MON-RR'), 'approved', 'credit card', '6011961356280666', 10);







   
    
    
