Courses,Post_number,Comment 1,Comment 1 By
CSE583,1,I also have the same question.,mb1688@nittany.edu
CMPSC431W,2,Do we have an exam?,jz5577@nittany.edu
CMPSC465,3,I also have the same question.,my3786@nittany.edu
CMPSC475,4,Do we have an exam?,tb8127@nittany.edu
CMPSC131,5,I also have the same question.,mo2344@nittany.edu
CMPSC221,6,Do we have an exam?,gk3247@nittany.edu
CMPSC311,7,I also have the same question.,ms6173@nittany.edu
CMPEN331,8,Do we have an exam?,dw8054@nittany.edu
CMPEN362,9,I also have the same question.,er2818@nittany.edu
CMPEN431,10,Do we have an exam?,dc5453@nittany.edu
CMPEN454,11,I also have the same question.,bk5477@nittany.edu
EE211,12,Do we have an exam?,mr1020@nittany.edu
EE311,13,I also have the same question.,rt4621@nittany.edu
EE330,14,Do we have an exam?,bl3745@nittany.edu
EE352,15,I also have the same question.,ej3628@nittany.edu
MATH140,16,Do we have an exam?,md6611@nittany.edu
MATH230,17,I also have the same question.,ak5890@nittany.edu
PHYS211,18,Do we have an exam?,cd4187@nittany.edu
PHYS213,19,I also have the same question.,eh3966@nittany.edu
STAT318,20,Do we have an exam?,la7071@nittany.edu
STAT414,21,I also have the same question.,ak1365@nittany.edu
ECON101,22,Do we have an exam?,dw2632@nittany.edu
ECON201,23,I also have the same question.,aw5441@nittany.edu
CHEM111,24,Do we have an exam?,lm1111@nittany.edu
IST110,25,I also have the same question.,ah4627@nittany.edu
IST128,26,Do we have an exam?,er6539@nittany.edu
DS120,27,I also have the same question.,js8078@nittany.edu