Courses 1,Course 1 Name,Course 1 Details
EE320,Network Security and Cryptography,3 Credit Course.
PHYS212,Solid State Physics,3 Credit Course.
CMPEN411,VLSI Digital Circuits,3 Credit Course.
CMPSC360,Discrete Mathematics for CMPSC,3 Credit Course.
CMPSC497,Introduction to Data Mining,3 Credit Course.
CMPEN351,Microprocessors,3 Credit Course.
PHYS211,Thermal Physics,3 Credit Course.
CMPSC465,Data structures and algorithms,3 Credit Course.
PHYS214,General Physics: Wave Motion and Quantum Physics,3 Credit Course.
CSE583,Pattern Recognition,3 Credit Course.
STAT414,Introduction to Probability Theory,3 Credit Course.
CMPEN441,Operating Systems,3 Credit Course.
CMPEN431,Introduction to Computer Architecture,3 Credit Course.
EE352,Design of Digital Circuits and Systems,3 Credit Course.
EE340,Design in Communications,3 Credit Course.
CHEM111,Experimental Chemistry,3 Credit Course.
STAT318,Elementary Probability,3 Credit Course.
CSE543,Computer Security,3 Credit Course.
CMPSC461,Programming Language Concepts,3 Credit Course.
IST558,Data Mining 2,3 Credit Course.
IST110,"Introduction to Information, People And Technology",3 Credit Course.
MATH140,Calculus with Analytic Geometry,3 Credit Course.
CMPEN454,Fundamentals of Computer Vision,3 Credit Course.
DS220,Data Modelling,3 Credit Course.
CHEM110,Environmental Chemistry,3 Credit Course.
IST128,Introduction to Python,3 Credit Course.
EE311,Devices and Circuits I,3 Credit Course.
PHYS213,General Physics: Electricity and Magnetism,3 Credit Course.
CMPEN362,Communication Networks,3 Credit Course.
CHEM112,Chemical Principles,3 Credit Course.
STAT319,Applied Statistics in Science,3 Credit Course.
CMPEN331,Computer Organization And Design,3 Credit Course.
EE211,Circuit Theory,3 Credit Course.
CMPSC475,Applications Programming,3 Credit Course.
ECON101,Principles of Economics,3 Credit Course.
STAT415,Introduction to Mathematical Statistics,3 Credit Course.
CMPSC431W,DBMS,3 Credit Course.
DS120,Python for data science,3 Credit Course.
ECON102,Introductory Microeconomic Analysis and Policy,3 Credit Course.
CMPEN270,Embedded Systems Design,3 Credit Course.
CMPSC131,Programming and Computation,3 Credit Course.
ECON201,Intermediate Microeconomic Analysis,3 Credit Course.
CMPSC448,Machine Learning and Algorithmic AI,3 Credit Course.
CMPSC132,Programming and Computation II,3 Credit Course.
MATH231,Vector Calculus,3 Credit Course.
EE212,Introduction to Signal Conditioning ,3 Credit Course.
CMPSC221,OOP with Web Design,3 Credit Course.
MATH141,Matrices,3 Credit Course.
EE353,Applied Electromagnetics,3 Credit Course.
EE330,Energy Systems,3 Credit Course.
CMPSC311,Introduction to Systems Programming,3 Credit Course.
MATH230,Ordinary and Partial Differential Equations,3 Credit Course.
EE210,Continuous Time Linear Systems,3 Credit Course.
,,