Email,Courses 1,Course 1 Section,Courses 2,Course 2 Section,Courses 3,Course 3 Section
al4613@nittany.edu,EE320,1,EE212,1,CMPEN454,2
am4447@nittany.edu,PHYS212,2,IST110,1,CMPEN331,1
ak9804@nittany.edu,CMPEN411,2,MATH231,1,CHEM111,1
as1233@nittany.edu,CMPSC360,1,CMPEN431,2,EE330,1
al5684@nittany.edu,CMPSC497,2,CMPSC461,1,CMPSC475,2
al6759@nittany.edu,CMPSC360,1,PHYS213,1,ECON101,1
ah2567@nittany.edu,CMPEN351,2,STAT414,1,MATH230,2
ab8825@nittany.edu,PHYS211,1,CMPEN270,1,STAT319,2
ak1365@nittany.edu,CMPSC465,2,STAT414,1,STAT415,1
at2037@nittany.edu,PHYS214,2,IST558,1,CSE583,2
as3627@nittany.edu,CSE583,2,CMPSC360,1,IST110,2
ah3078@nittany.edu,STAT414,2,EE353,2,CMPSC448,1
ab8389@nittany.edu,CMPEN441,2,CMPEN351,2,PHYS214,1
at1813@nittany.edu,CMPEN431,1,CMPSC221,2,PHYS211,1
ao8250@nittany.edu,PHYS212,2,CSE583,2,DS220,2
al8826@nittany.edu,EE352,1,ECON102,2,CMPSC132,1
ab4479@nittany.edu,EE340,1,EE212,2,EE211,1
al5806@nittany.edu,CHEM111,1,EE210,2,EE352,1
aj1457@nittany.edu,STAT318,1,EE210,1,EE212,1
ar7586@nittany.edu,CSE543,2,CHEM111,1,DS120,1
am6718@nittany.edu,CMPSC461,1,MATH230,1,CHEM111,1
as4057@nittany.edu,IST558,2,MATH231,1,EE210,1
az6923@nittany.edu,IST110,2,MATH140,2,STAT318,2
ab9912@nittany.edu,MATH140,2,CHEM110,1,CMPSC475,2
ap8429@nittany.edu,CMPEN454,1,IST558,1,CMPEN441,1
ag4728@nittany.edu,DS220,1,CMPSC448,1,MATH231,1
am5109@nittany.edu,MATH140,2,CMPEN454,1,IST558,2
ab3717@nittany.edu,CHEM110,1,EE353,2,CMPEN362,1
ah5707@nittany.edu,IST128,1,STAT319,1,DS120,2
ad9791@nittany.edu,EE311,1,CHEM111,2,CSE543,1
aw2983@nittany.edu,PHYS213,2,ECON201,2,EE353,2
lj2993@nittany.edu,MATH140,2,CHEM112,1,STAT318,2
rb1832@nittany.edu,EE320,1,DS120,2,ECON101,2
ld8122@nittany.edu,IST110,2,CMPSC475,1,MATH231,2
md5914@nittany.edu,CMPEN431,2,CMPSC360,2,EE330,2
kf8268@nittany.edu,CMPEN362,2,CMPEN331,1,PHYS211,1
pz6665@nittany.edu,CHEM112,1,CHEM111,1,EE212,2
mr6639@nittany.edu,STAT319,1,CMPSC132,2,CMPEN431,1
sc5452@nittany.edu,PHYS211,2,CMPSC448,1,CMPSC221,2
tp8468@nittany.edu,IST128,2,PHYS214,1,MATH230,2
ih9335@nittany.edu,CMPEN331,2,CMPEN362,1,PHYS213,1
me9525@nittany.edu,EE311,1,STAT319,1,CMPEN454,1
pr4075@nittany.edu,CMPSC461,1,STAT415,2,IST110,2
nk8056@nittany.edu,EE211,1,EE210,1,IST558,2
jz5577@nittany.edu,CMPSC475,1,CMPSC431W,1,ECON201,1
jp2632@nittany.edu,ECON101,1,EE353,2,CHEM110,2
lk7361@nittany.edu,MATH140,2,EE353,1,MATH141,1
ks1880@nittany.edu,ECON101,1,STAT415,1,CMPSC448,1
ms2404@nittany.edu,STAT415,2,CMPEN411,1,CMPSC311,2
ih5431@nittany.edu,CMPSC431W,1,CMPSC497,2,CMPSC475,1
sm4115@nittany.edu,STAT318,1,CMPEN411,2,CSE583,1
js8078@nittany.edu,CMPSC475,2,DS120,1,CMPEN431,1
mb4117@nittany.edu,DS120,2,CMPSC475,2,EE340,2
rm8585@nittany.edu,CMPEN454,1,EE311,1,MATH141,1
mg1976@nittany.edu,PHYS214,1,ECON102,1,IST110,2
kc4364@nittany.edu,EE211,1,CMPSC311,1,EE330,1
rh2046@nittany.edu,DS120,2,ECON201,1,CMPSC465,1
jh2885@nittany.edu,EE352,2,CMPSC131,1,EE330,2
ms9362@nittany.edu,ECON101,1,EE210,2,EE353,2
jl6447@nittany.edu,ECON102,2,EE340,1,DS120,1
mr2329@nittany.edu,PHYS213,2,MATH141,1,ECON201,1
ma5503@nittany.edu,CMPEN270,1,EE353,2,CMPEN411,2
rb4971@nittany.edu,CMPEN351,1,STAT415,2,ECON102,1
jc5818@nittany.edu,PHYS211,1,CMPSC465,2,CMPEN454,2
kg2618@nittany.edu,EE352,2,IST128,1,ECON101,1
lg4120@nittany.edu,CMPSC131,1,CMPSC465,2,MATH230,2
sg2123@nittany.edu,CMPSC497,2,CHEM112,1,PHYS211,1
tp3946@nittany.edu,CMPEN441,2,DS120,2,EE340,2
sb5076@nittany.edu,IST128,1,PHYS212,2,EE210,2
mh2221@nittany.edu,CMPSC497,2,PHYS211,2,CMPEN331,2
vs8351@nittany.edu,IST110,2,MATH230,1,CHEM111,2
mm1324@nittany.edu,STAT319,1,MATH141,2,PHYS213,2
tg2289@nittany.edu,CMPEN441,1,CHEM110,2,CMPSC497,2
mk4648@nittany.edu,CSE543,1,EE340,2,EE353,2
sa8884@nittany.edu,CSE543,1,EE352,2,CMPSC461,1
kn1468@nittany.edu,ECON201,2,CMPEN441,1,EE353,1
jk5833@nittany.edu,CMPEN362,2,PHYS213,1,ECON102,1
md1699@nittany.edu,CMPSC448,1,CMPEN270,2,STAT415,2
mc4814@nittany.edu,IST110,2,CMPEN331,1,CMPEN351,1
ll2646@nittany.edu,CMPSC132,1,IST110,2,ECON101,1
mr3369@nittany.edu,ECON201,2,CHEM112,2,DS220,1
tb7100@nittany.edu,EE311,2,CMPSC132,2,IST558,1
wm3293@nittany.edu,MATH231,2,CMPSC448,2,CMPSC131,2
jb9557@nittany.edu,CMPEN454,2,CHEM111,1,MATH231,1
ko8881@nittany.edu,CHEM110,1,CMPSC360,2,CMPEN431,2
zj6533@nittany.edu,EE311,2,CMPSC465,2,CSE543,1
mb4756@nittany.edu,PHYS211,1,EE340,2,DS120,2
mr3556@nittany.edu,EE320,2,MATH230,2,CMPEN431,2
md3813@nittany.edu,EE311,1,CMPEN411,1,IST128,2
km6173@nittany.edu,DS120,2,CSE583,2,CMPEN431,2
sg3060@nittany.edu,CMPEN270,1,MATH231,2,IST558,1
ms7605@nittany.edu,MATH140,2,CMPSC448,2,CMPEN351,2
tm4946@nittany.edu,STAT318,2,DS120,2,CMPSC221,1
jg1721@nittany.edu,CMPEN411,2,CMPEN351,1,STAT319,1
yc2897@nittany.edu,CMPEN270,1,EE352,2,CMPEN441,2
ss9714@nittany.edu,CSE583,1,STAT414,1,ECON101,2
rb9779@nittany.edu,PHYS214,2,CMPEN431,1,EE210,1
zr6768@nittany.edu,CHEM110,2,CMPSC448,1,MATH141,1
rc6428@nittany.edu,EE212,2,CMPSC465,1,EE353,1
jt5287@nittany.edu,CMPSC221,2,CMPEN431,2,CSE543,2
lo7605@nittany.edu,CMPEN270,2,CMPEN331,1,CMPSC221,1
tr4637@nittany.edu,STAT414,1,EE211,1,STAT318,2
lr3728@nittany.edu,CMPSC475,2,CHEM110,1,MATH230,2
xg4863@nittany.edu,PHYS212,2,CMPEN331,1,ECON101,1
me5010@nittany.edu,CSE583,2,STAT318,1,MATH231,2
lr5472@nittany.edu,EE211,1,ECON101,1,EE320,1
sh4974@nittany.edu,CMPEN351,1,MATH231,1,ECON102,2
la9924@nittany.edu,EE320,2,DS120,2,CMPEN454,1
ms2737@nittany.edu,DS120,2,CHEM110,2,CMPSC475,2
tb8127@nittany.edu,CMPSC461,1,CMPSC475,2,PHYS211,2
mm2976@nittany.edu,STAT415,1,PHYS214,2,CMPSC311,2
th3170@nittany.edu,EE212,1,MATH141,2,CMPEN331,2
kk3742@nittany.edu,MATH141,2,STAT318,1,EE211,1
nd2615@nittany.edu,EE211,1,IST110,1,CHEM112,1
sb6428@nittany.edu,EE353,2,EE330,2,MATH230,1
rr9237@nittany.edu,CMPEN431,2,CMPSC360,1,CMPSC311,1
mm1660@nittany.edu,CMPSC131,1,CMPSC221,1,CMPSC360,1
mr1462@nittany.edu,PHYS213,1,STAT319,2,CMPEN431,2
lg1828@nittany.edu,CHEM110,2,MATH230,2,MATH231,2
jo7172@nittany.edu,CMPEN331,2,CMPEN362,1,EE320,2
ma5045@nittany.edu,CMPSC221,2,CMPSC465,2,CHEM111,1
mc4696@nittany.edu,STAT414,2,CMPSC465,2,STAT319,1
rs3973@nittany.edu,IST110,1,CMPEN351,2,CMPSC465,2
my7428@nittany.edu,IST558,2,CMPSC497,1,PHYS213,1
mv4275@nittany.edu,CMPSC132,1,ECON102,1,PHYS213,2
vw5806@nittany.edu,IST110,1,CMPSC360,1,STAT414,1
nr4230@nittany.edu,ECON101,2,DS120,1,CMPSC360,2
ma3543@nittany.edu,CMPEN441,2,IST110,1,EE352,1
mc9149@nittany.edu,EE211,2,CHEM110,2,ECON201,1
lg2530@nittany.edu,CSE543,2,STAT319,1,CMPEN441,2
sh4671@nittany.edu,CMPEN351,1,CHEM112,2,MATH230,2
mt7030@nittany.edu,EE311,2,CMPEN454,2,CMPEN431,2
lt3713@nittany.edu,CSE583,1,ECON101,2,MATH141,1
jw3861@nittany.edu,CMPSC465,1,CHEM112,1,CMPEN431,1
kr4923@nittany.edu,EE211,2,STAT318,2,EE352,1
nf6339@nittany.edu,STAT319,2,CMPSC221,1,EE210,1
md6319@nittany.edu,IST110,2,CHEM112,2,ECON101,1
mb1688@nittany.edu,EE353,2,CSE583,1,CMPEN431,2
mk5190@nittany.edu,CMPEN411,2,IST110,2,EE352,1
mk3204@nittany.edu,STAT319,1,ECON101,1,CMPSC461,1
oc3904@nittany.edu,EE330,1,CMPEN362,1,CMPSC448,1
km6627@nittany.edu,CMPSC461,1,CSE583,1,CHEM112,1
js6308@nittany.edu,CMPSC221,2,CMPEN331,2,CMPSC131,2
jw4897@nittany.edu,EE311,1,EE330,2,STAT318,1
vl7715@nittany.edu,CMPSC311,2,CMPSC448,1,EE211,1
ph3861@nittany.edu,STAT318,1,CMPEN411,2,CMPSC431W,2
md2194@nittany.edu,CMPEN454,1,CMPSC497,2,CSE543,2
jh3919@nittany.edu,PHYS214,1,EE211,1,EE340,2
mw5114@nittany.edu,EE330,2,CMPEN431,1,CMPEN441,1
ld6778@nittany.edu,EE330,1,CMPSC131,1,ECON102,2
mc1411@nittany.edu,CSE583,2,PHYS211,2,CMPEN454,1
lg7099@nittany.edu,CSE583,1,EE210,2,CHEM111,2
mm9659@nittany.edu,CMPSC475,1,CMPSC360,2,EE353,1
rc5324@nittany.edu,CSE543,1,DS120,2,CMPSC311,1
mz7312@nittany.edu,CMPSC311,1,ECON101,1,CHEM110,1
ml5786@nittany.edu,CMPSC461,1,PHYS212,2,PHYS213,1
nh2508@nittany.edu,CMPEN362,2,CMPSC448,2,CHEM111,2
ms2255@nittany.edu,MATH141,2,CMPEN411,2,STAT319,1
mp4954@nittany.edu,CMPSC431W,1,CMPSC448,1,EE330,1
lj7790@nittany.edu,MATH140,2,EE211,2,CSE543,2
sr7729@nittany.edu,CHEM111,1,CMPSC497,2,CHEM112,1
mt8800@nittany.edu,MATH231,1,CMPSC360,1,CMPEN431,2
ld6540@nittany.edu,CMPSC497,1,MATH231,2,CSE543,1
sv5358@nittany.edu,CMPSC132,2,EE330,1,CMPSC475,2
kf8921@nittany.edu,IST558,1,IST128,2,STAT319,2
rh4718@nittany.edu,CMPEN441,2,PHYS213,1,CSE543,2
vt8578@nittany.edu,EE212,2,CMPEN362,1,ECON201,2
lu6872@nittany.edu,STAT319,1,CMPSC497,2,DS120,2
lb6520@nittany.edu,EE330,1,EE210,2,MATH141,2
kb6941@nittany.edu,CMPEN331,1,MATH141,1,PHYS214,2
rv5469@nittany.edu,CMPSC221,1,IST110,2,CMPEN431,1
ml7975@nittany.edu,CSE543,1,CHEM110,2,IST558,1
mj4880@nittany.edu,STAT319,2,EE311,1,CMPEN331,2
jf9661@nittany.edu,EE340,2,MATH141,2,EE210,2
lt8366@nittany.edu,CMPSC311,2,IST110,2,MATH230,1
js7099@nittany.edu,CMPSC132,2,CMPEN362,1,CMPEN331,1
rf2661@nittany.edu,CMPSC221,2,PHYS211,1,STAT414,2
js8165@nittany.edu,EE352,1,STAT318,1,EE330,2
kk3115@nittany.edu,CHEM110,1,CMPEN331,1,EE211,1
mr4635@nittany.edu,EE330,1,CMPEN411,2,EE320,2
ve8889@nittany.edu,EE330,1,CSE543,2,CSE583,1
ml3983@nittany.edu,CMPEN454,2,CMPSC461,1,CMPSC311,1
ld8065@nittany.edu,CMPEN270,1,IST128,2,CMPSC131,2
jk4403@nittany.edu,DS220,2,CMPSC497,1,EE352,1
in2805@nittany.edu,EE212,2,EE320,2,STAT415,1
pb8346@nittany.edu,CMPEN362,2,EE320,1,MATH230,2
rf1782@nittany.edu,PHYS213,2,MATH231,1,EE320,2
mn6721@nittany.edu,EE211,2,MATH230,1,CMPSC311,2
sm6043@nittany.edu,CMPEN351,1,EE311,2,DS220,2
lj2224@nittany.edu,DS220,2,CMPEN431,2,MATH141,2
wr3515@nittany.edu,CMPSC221,1,MATH230,2,STAT414,2
wl5243@nittany.edu,EE212,1,ECON102,2,MATH140,1
jr8665@nittany.edu,CMPSC131,2,CHEM112,2,CMPEN454,2
ns1210@nittany.edu,CMPEN441,2,CMPEN351,2,EE330,2
ms6173@nittany.edu,MATH141,2,CMPSC311,2,PHYS212,1
na8379@nittany.edu,EE212,2,CMPEN431,2,CMPSC131,1
ls6337@nittany.edu,CMPSC132,2,CMPEN331,2,EE212,1
sm9645@nittany.edu,CMPSC465,1,IST110,2,EE212,1
rr8243@nittany.edu,CSE583,1,EE320,1,CMPSC132,1
lw4369@nittany.edu,STAT318,2,ECON201,1,EE210,1
il3541@nittany.edu,PHYS211,1,EE352,2,CMPEN270,2
mg8505@nittany.edu,CHEM112,2,EE340,1,EE212,1
mo1186@nittany.edu,ECON101,2,EE311,1,CMPSC311,1
pw1726@nittany.edu,CMPSC465,2,CMPEN454,1,EE330,1
lm6031@nittany.edu,CMPEN351,2,ECON201,1,ECON102,1
mj6359@nittany.edu,IST558,2,PHYS211,2,CMPSC448,1
pc8832@nittany.edu,PHYS213,2,CMPEN270,2,CMPEN431,2
mf8214@nittany.edu,CMPEN351,1,CHEM111,2,EE330,1
jb5052@nittany.edu,MATH230,2,CMPSC360,1,CMPSC497,1
ma8938@nittany.edu,CSE543,2,ECON201,2,MATH230,2
lf4727@nittany.edu,CHEM112,2,CMPEN331,1,CHEM111,1
jh1874@nittany.edu,EE210,2,CSE583,1,CMPSC448,1
rb6281@nittany.edu,EE210,1,EE212,2,CMPEN270,2
mr5864@nittany.edu,CMPSC465,1,ECON102,2,CHEM110,1
ml6213@nittany.edu,CMPSC431W,2,ECON102,2,MATH230,2
mk7773@nittany.edu,EE330,1,CHEM112,2,EE211,2
nc8172@nittany.edu,CMPSC131,1,EE320,2,PHYS211,2
mj5914@nittany.edu,PHYS212,2,CMPEN441,1,MATH230,1
me2148@nittany.edu,ECON102,2,EE311,2,CMPEN454,1
mk8847@nittany.edu,MATH140,2,MATH141,2,EE340,1
my3786@nittany.edu,CMPSC311,1,CMPSC465,1,STAT319,1
jm3669@nittany.edu,ECON201,2,ECON102,2,CHEM111,2
uf7067@nittany.edu,EE210,1,MATH230,1,ECON101,1
mr2575@nittany.edu,ECON102,2,EE311,1,MATH231,2
mb3709@nittany.edu,IST128,1,CMPEN331,2,EE340,2
jk4409@nittany.edu,EE353,1,CMPEN441,1,CHEM111,2
ys9174@nittany.edu,CMPEN431,2,EE212,1,IST558,1
rf1538@nittany.edu,ECON201,2,PHYS214,2,CMPSC221,1
no6118@nittany.edu,CHEM110,2,EE311,2,PHYS214,1
lc4994@nittany.edu,EE320,2,EE210,2,CSE543,1
oh8195@nittany.edu,CMPEN351,1,MATH231,2,CSE543,1
jc2471@nittany.edu,CMPSC221,2,CMPSC132,2,EE352,2
mm3162@nittany.edu,CMPSC448,2,ECON102,1,EE210,2
jh7997@nittany.edu,CHEM111,2,PHYS214,1,DS120,2
ik6824@nittany.edu,CSE583,2,PHYS213,2,CMPEN351,2
tk5748@nittany.edu,EE210,1,STAT319,2,CMPSC132,1
ts1830@nittany.edu,CMPSC360,2,CMPSC497,1,EE210,1
kr6619@nittany.edu,STAT318,2,IST110,1,STAT319,1
rk2653@nittany.edu,CMPEN411,2,STAT318,1,STAT319,2
sg4622@nittany.edu,ECON101,1,CMPSC221,1,EE320,2
jl3236@nittany.edu,ECON101,2,CMPSC360,2,PHYS213,2
kh1826@nittany.edu,PHYS214,1,EE210,1,MATH140,1
me2596@nittany.edu,MATH231,1,CMPSC497,1,EE311,2
jl9851@nittany.edu,STAT414,1,CMPEN270,1,EE211,1
sw7724@nittany.edu,MATH231,2,PHYS212,1,CSE583,1
kh5883@nittany.edu,CSE543,2,PHYS212,1,CMPSC132,2
mn2842@nittany.edu,CMPEN331,1,EE353,1,PHYS212,2
mt7911@nittany.edu,CMPSC465,1,ECON102,2,CMPSC132,2
pf6936@nittany.edu,IST128,2,CMPSC465,2,CMPEN331,1
mc8336@nittany.edu,CMPEN441,2,CMPSC497,2,CMPEN362,2
mv1311@nittany.edu,CHEM112,1,EE353,2,MATH231,2
kk2666@nittany.edu,CMPSC497,1,MATH231,2,CSE583,2
ok7520@nittany.edu,IST558,2,STAT319,2,ECON201,1
mt3151@nittany.edu,CHEM111,2,STAT318,1,CHEM110,1
lb8326@nittany.edu,CMPEN441,1,CSE583,1,EE352,2
lh1031@nittany.edu,CMPSC132,1,CMPSC131,1,CSE583,1
mn1239@nittany.edu,PHYS211,2,CHEM111,1,PHYS212,2
ka1472@nittany.edu,CMPSC475,2,MATH231,1,EE211,2
tt1799@nittany.edu,CMPSC131,2,CMPSC360,2,CMPSC461,1
mr5565@nittany.edu,EE311,2,STAT414,2,EE353,1
ma6036@nittany.edu,DS120,1,EE210,1,CMPEN441,2
mr9406@nittany.edu,CMPEN411,2,EE212,1,PHYS211,1
os4077@nittany.edu,CMPSC131,2,EE330,2,MATH141,2
mi6642@nittany.edu,PHYS213,2,IST558,1,CSE543,2
mj1523@nittany.edu,CMPEN351,2,CHEM110,1,CMPEN270,1
pw7815@nittany.edu,CMPSC475,2,CMPSC132,1,CMPEN411,1
jo5683@nittany.edu,STAT319,1,IST128,2,CMPSC360,1
kl1348@nittany.edu,CMPSC497,2,STAT319,1,CMPSC461,1
ns2358@nittany.edu,CMPSC465,1,PHYS211,2,STAT415,2
vr4622@nittany.edu,MATH231,1,IST558,2,IST128,1
mk1572@nittany.edu,ECON102,1,STAT318,1,CMPEN441,2
ts5040@nittany.edu,IST558,2,ECON101,2,MATH141,1
mj1117@nittany.edu,ECON101,1,MATH141,2,EE340,2
kp5214@nittany.edu,STAT415,2,EE330,2,MATH141,1
me4221@nittany.edu,MATH231,2,CMPSC448,2,EE311,2
lh8743@nittany.edu,EE211,2,CMPSC475,1,EE353,1
ka6770@nittany.edu,EE352,2,DS120,2,CHEM111,2
wa5135@nittany.edu,CHEM112,2,EE211,2,CMPEN431,2
la7071@nittany.edu,DS220,2,STAT318,1,PHYS212,2
kl9753@nittany.edu,CHEM110,2,STAT318,1,EE211,1
jh3336@nittany.edu,CMPEN362,1,EE211,1,MATH141,2
sb1972@nittany.edu,IST110,2,EE211,2,CMPEN351,2
kb3574@nittany.edu,MATH230,1,CMPSC448,1,CSE583,2
lv3076@nittany.edu,PHYS211,2,CMPEN411,2,STAT415,2
mt4811@nittany.edu,CMPEN431,2,PHYS214,2,EE210,1
zp7831@nittany.edu,STAT318,1,CMPSC360,1,IST128,1
mr1020@nittany.edu,CMPSC465,2,EE211,2,CMPEN351,2
ws6593@nittany.edu,CMPSC465,2,STAT318,2,CMPSC448,2
lw8769@nittany.edu,PHYS211,2,EE311,2,CMPEN270,1
ms6765@nittany.edu,CHEM112,1,STAT414,2,EE212,2
mj9606@nittany.edu,IST558,1,CHEM112,2,EE352,1
jc4011@nittany.edu,ECON101,1,CMPEN331,1,CMPSC132,1
mj5224@nittany.edu,STAT415,1,CMPSC221,1,CMPEN454,2
jz6925@nittany.edu,CMPEN411,2,STAT414,2,CMPSC461,2
vo6259@nittany.edu,CSE543,2,CMPSC497,2,CMPEN351,2
ks3998@nittany.edu,CMPEN362,1,ECON102,2,PHYS211,2
mt3231@nittany.edu,IST558,2,CMPSC475,2,CMPSC132,2
ws8716@nittany.edu,MATH231,1,EE311,1,EE353,2
md7627@nittany.edu,DS220,1,CMPEN454,1,CMPSC465,1
th2610@nittany.edu,CSE583,2,CHEM111,2,PHYS212,1
mh8661@nittany.edu,ECON102,1,CMPEN454,2,ECON201,2
vk8864@nittany.edu,IST558,2,EE340,1,CMPSC131,1
mh3437@nittany.edu,EE311,1,EE212,2,CMPSC461,1
ww9231@nittany.edu,PHYS211,2,CHEM112,1,CMPSC431W,2
mk1676@nittany.edu,EE311,1,STAT318,1,CMPEN411,2
ub9586@nittany.edu,MATH141,2,PHYS212,2,EE210,1
lh6961@nittany.edu,STAT415,2,EE212,1,PHYS214,1
kf5693@nittany.edu,IST128,1,CSE543,1,ECON102,2
sb2082@nittany.edu,CHEM112,1,EE352,1,CMPSC431W,2
mn2870@nittany.edu,IST110,2,CMPSC448,1,CMPSC311,1
ug5112@nittany.edu,CMPEN454,1,STAT415,1,CHEM110,2
tk1529@nittany.edu,EE211,1,EE311,2,CHEM110,1
ib2806@nittany.edu,EE320,1,STAT318,1,ECON101,2
os7226@nittany.edu,PHYS214,2,CMPSC465,2,CHEM112,2
ne9599@nittany.edu,CHEM112,1,CSE543,2,ECON101,2
vg5084@nittany.edu,CMPEN331,2,EE212,2,MATH140,1
mr5670@nittany.edu,CMPSC431W,1,PHYS211,2,EE211,2
km6416@nittany.edu,ECON101,2,PHYS211,1,CMPSC311,1
sj7472@nittany.edu,EE211,1,DS220,1,EE340,1
wr1679@nittany.edu,EE320,2,MATH140,2,CMPSC461,2
mr8602@nittany.edu,CMPEN351,2,EE212,1,MATH231,2
ma8046@nittany.edu,CMPEN454,2,CMPSC475,2,CMPSC461,2
mg1007@nittany.edu,EE320,1,EE210,2,DS120,1
lh3004@nittany.edu,STAT415,2,CMPSC431W,2,IST128,1
zr6066@nittany.edu,EE340,1,EE352,2,IST110,1
jg5906@nittany.edu,MATH141,1,CMPEN431,2,CMPEN270,1
ok5696@nittany.edu,MATH141,2,CHEM112,2,EE340,1
mw5391@nittany.edu,CMPSC132,1,STAT319,1,CMPEN362,2
sm5970@nittany.edu,CMPSC131,1,ECON201,1,CHEM112,1
mn6897@nittany.edu,CMPEN431,1,EE340,2,IST110,1
rm8553@nittany.edu,CMPSC311,2,IST128,2,CMPSC431W,1
jl5459@nittany.edu,CMPEN362,2,EE352,2,CMPEN270,1
ml1743@nittany.edu,PHYS213,1,CSE583,2,CHEM112,1
ph1773@nittany.edu,STAT318,2,EE311,2,DS220,2
ma8953@nittany.edu,ECON201,1,EE210,1,CMPEN431,1
pp2997@nittany.edu,CMPSC221,1,IST558,2,MATH140,1
vk7408@nittany.edu,PHYS212,1,CHEM112,1,PHYS211,1
ro9937@nittany.edu,ECON102,1,CMPSC475,2,PHYS213,2
tf2405@nittany.edu,CMPSC431W,1,IST110,2,IST128,1
pm3642@nittany.edu,CMPSC465,2,CMPSC431W,2,CMPSC221,1
kr9949@nittany.edu,MATH231,2,CMPEN441,1,EE352,1
mt2086@nittany.edu,CMPEN362,1,PHYS213,1,CMPSC360,1
tw6502@nittany.edu,PHYS211,2,PHYS214,1,PHYS212,2
ol7450@nittany.edu,CMPEN270,2,CMPEN454,1,CMPEN411,1
jw6319@nittany.edu,CMPSC431W,1,CMPSC475,2,CMPSC360,2
ok8829@nittany.edu,EE210,2,CSE543,1,ECON102,1
ps1087@nittany.edu,EE210,1,STAT414,1,CHEM110,2
mp7952@nittany.edu,CMPEN454,1,EE320,1,EE353,2
sm5549@nittany.edu,STAT415,2,EE211,1,EE311,1
td2477@nittany.edu,EE210,2,IST558,2,IST128,1
sm8842@nittany.edu,CMPSC360,2,PHYS212,1,EE211,2
jp5962@nittany.edu,ECON102,2,DS220,2,DS120,1
mg1791@nittany.edu,EE311,2,CMPSC311,1,CMPEN441,2
sg1979@nittany.edu,ECON102,2,EE340,1,EE353,2
lo3428@nittany.edu,IST128,2,PHYS211,2,MATH231,2
ml7753@nittany.edu,CMPEN454,2,CMPEN431,2,CMPSC448,2
js3927@nittany.edu,CSE543,2,IST128,1,DS220,2
me9897@nittany.edu,CMPSC221,2,CMPSC465,1,EE352,1
mb5390@nittany.edu,CMPSC431W,2,CMPEN270,1,CMPSC131,1
sg4417@nittany.edu,MATH141,1,EE353,2,EE320,2
lt7103@nittany.edu,CSE583,1,CMPSC221,2,CMPSC448,2
pt3035@nittany.edu,STAT414,2,CMPEN454,1,EE211,2
wc1418@nittany.edu,PHYS211,1,ECON102,1,EE340,1
mm2047@nittany.edu,CMPEN270,1,CMPEN351,2,CMPSC461,1
ma4242@nittany.edu,EE353,2,PHYS214,2,MATH231,2
jn3590@nittany.edu,MATH141,1,CMPSC475,1,EE352,2
mh4972@nittany.edu,CMPSC475,1,CMPEN270,1,IST558,2
jh3004@nittany.edu,CHEM112,1,CMPSC311,1,PHYS211,1
sp7638@nittany.edu,CMPSC465,2,CMPSC311,1,STAT414,1
vn4576@nittany.edu,CMPEN441,2,CMPEN454,2,STAT318,2
mj2446@nittany.edu,CHEM111,2,ECON201,1,EE211,1
mh9005@nittany.edu,CSE543,2,IST558,2,CMPSC360,1
mp5777@nittany.edu,EE210,1,STAT415,2,CMPSC465,1
mj1886@nittany.edu,MATH141,2,CMPEN331,2,STAT319,2
mp5980@nittany.edu,PHYS211,2,EE212,1,CMPSC475,2
mr7087@nittany.edu,CHEM110,2,ECON102,1,CHEM111,2
kk1267@nittany.edu,EE320,1,EE353,1,PHYS212,1
jm7206@nittany.edu,CMPSC497,1,STAT414,1,CMPEN270,2
mm8916@nittany.edu,EE212,1,CMPEN351,1,PHYS211,2
jr1301@nittany.edu,CHEM111,1,PHYS211,2,EE311,1
rq8420@nittany.edu,CMPEN362,1,MATH141,2,PHYS212,2
tf8025@nittany.edu,CMPSC221,1,CHEM110,1,STAT415,1
ob6043@nittany.edu,IST558,1,EE311,2,STAT319,1
jd3188@nittany.edu,PHYS214,2,CMPSC431W,1,PHYS212,1
nb5135@nittany.edu,CMPEN454,2,EE330,1,IST110,1
js4888@nittany.edu,STAT415,2,EE353,2,EE210,1
mt1283@nittany.edu,STAT415,2,CMPSC431W,2,CMPSC131,1
tb4699@nittany.edu,EE353,1,CHEM111,2,CSE543,1
jf5072@nittany.edu,EE340,2,EE311,1,STAT318,1
mj8109@nittany.edu,EE352,1,MATH231,2,CSE583,1
sl8096@nittany.edu,CHEM110,2,ECON102,1,CMPEN362,2
wg1476@nittany.edu,IST128,2,DS220,1,CMPSC221,2
lb1184@nittany.edu,STAT319,1,IST558,2,CMPEN362,1
kw1043@nittany.edu,CMPEN411,2,CSE543,1,CSE583,2
ld4137@nittany.edu,CMPSC431W,2,CMPEN362,1,IST110,1
nb2686@nittany.edu,CMPEN411,1,STAT415,1,CMPEN441,2
rk8121@nittany.edu,EE320,2,CMPSC132,2,CMPSC448,1
vp6083@nittany.edu,DS120,1,STAT415,2,CHEM111,1
mb7672@nittany.edu,MATH140,2,IST128,2,CMPEN331,2
rh9618@nittany.edu,EE352,1,EE340,1,CMPEN441,2
lw7685@nittany.edu,MATH230,2,CMPEN431,2,CSE583,1
me6698@nittany.edu,STAT415,2,EE210,2,EE211,1
mp7693@nittany.edu,CMPSC465,1,CMPEN331,2,CSE583,2
us6442@nittany.edu,CMPSC475,2,CMPSC360,2,MATH140,1
ma9983@nittany.edu,MATH140,2,ECON101,1,IST128,1
mk7105@nittany.edu,CMPSC132,1,EE311,2,IST128,1
ma3822@nittany.edu,MATH141,2,CMPSC497,1,ECON201,2
vy1999@nittany.edu,STAT319,2,PHYS213,1,IST558,2
lw8160@nittany.edu,EE311,2,CSE543,2,ECON102,1
nm4783@nittany.edu,IST558,1,CMPSC475,2,CMPEN431,1
nb4212@nittany.edu,STAT319,2,CHEM110,2,EE320,2
ms9882@nittany.edu,EE340,2,CMPEN331,2,EE352,1
mk2377@nittany.edu,CMPSC448,1,CMPSC461,2,CMPSC360,1
rw1366@nittany.edu,ECON102,2,ECON101,1,DS120,1
mr5319@nittany.edu,CMPEN441,1,PHYS214,2,STAT319,1
kz9097@nittany.edu,IST110,2,CMPSC131,2,EE211,2
ml7288@nittany.edu,IST128,1,CMPSC131,1,PHYS213,1
jd5932@nittany.edu,CMPSC311,1,CHEM111,1,CHEM112,1
lk1182@nittany.edu,EE210,1,EE340,1,STAT319,2
jk1331@nittany.edu,EE353,1,MATH230,1,EE211,1
jw9436@nittany.edu,STAT415,2,MATH140,2,EE330,1
zw5425@nittany.edu,CMPEN454,2,STAT415,2,IST110,2
jk5021@nittany.edu,CMPSC465,1,CMPSC360,1,CMPEN270,1
mn1003@nittany.edu,EE311,2,CMPEN411,2,IST128,1
ph8799@nittany.edu,EE311,1,PHYS211,1,STAT319,2
jl8774@nittany.edu,CMPEN351,1,CSE583,2,CMPEN331,1
mj7408@nittany.edu,CMPEN351,2,CMPEN454,2,CMPSC448,2
ns6501@nittany.edu,CSE543,1,IST558,2,CMPEN431,1
lr5589@nittany.edu,EE311,2,EE330,2,CMPEN270,1
me5409@nittany.edu,CMPSC431W,1,EE212,1,CMPSC131,1
mc9096@nittany.edu,CHEM110,2,EE210,1,CMPSC497,2
jk4116@nittany.edu,CHEM110,1,CMPSC131,1,ECON102,2
kb9285@nittany.edu,STAT414,2,DS120,2,EE212,1
kq6968@nittany.edu,MATH231,1,STAT415,2,CMPEN441,2
mj6957@nittany.edu,CMPEN454,2,STAT414,2,IST128,2
tp4444@nittany.edu,CMPSC221,1,STAT415,2,DS120,1
me6706@nittany.edu,CMPEN270,1,STAT415,2,EE212,1
kb8171@nittany.edu,IST110,2,CMPSC132,2,CMPSC475,2
sr6321@nittany.edu,EE210,1,DS220,2,CMPSC475,1
jh1737@nittany.edu,STAT319,2,MATH231,1,DS120,2
sp1616@nittany.edu,CSE583,2,CMPSC448,2,PHYS211,2
pm4249@nittany.edu,MATH140,1,CMPEN441,2,STAT318,1
tl1139@nittany.edu,DS220,2,STAT319,1,IST558,1
im1645@nittany.edu,CMPSC475,2,CMPSC497,1,MATH230,2
sd6073@nittany.edu,CMPEN351,2,EE320,2,MATH140,1
po7371@nittany.edu,CMPSC448,1,STAT415,1,MATH230,1
wo4044@nittany.edu,CMPSC465,1,EE311,2,DS120,2
mc4662@nittany.edu,ECON201,1,MATH141,1,MATH231,1
mm9624@nittany.edu,CHEM110,2,CMPEN454,2,PHYS211,1
nb6183@nittany.edu,CMPSC475,1,CMPEN331,2,CSE583,2
mm4674@nittany.edu,EE353,1,MATH141,2,MATH231,2
vh5298@nittany.edu,EE210,2,STAT319,1,CHEM110,1
mi2648@nittany.edu,CMPSC465,2,DS120,2,PHYS213,2
js3229@nittany.edu,CMPEN331,2,MATH140,2,EE352,1
mt2801@nittany.edu,EE210,1,STAT319,1,STAT415,1
oh9599@nittany.edu,EE330,2,EE352,2,ECON102,1
jb9306@nittany.edu,CHEM112,2,CMPSC311,1,EE212,1
jc1462@nittany.edu,CMPSC431W,2,STAT318,1,PHYS211,2
ks1926@nittany.edu,CMPSC311,2,CMPSC131,1,DS220,2
sb5646@nittany.edu,CMPEN362,2,EE330,1,CMPSC461,1
mr3116@nittany.edu,CHEM111,2,CMPEN454,2,CMPEN351,1
sn9491@nittany.edu,EE311,2,CMPEN351,1,CMPSC131,1
mg7684@nittany.edu,CHEM111,1,CMPSC497,2,STAT414,1
or2228@nittany.edu,STAT414,1,CMPEN411,2,STAT319,1
md6611@nittany.edu,CMPEN331,1,MATH140,1,CMPSC497,1
jk4027@nittany.edu,DS120,1,DS220,2,CMPSC221,1
kd4323@nittany.edu,CMPSC475,2,CMPSC132,1,DS120,1
mo4621@nittany.edu,STAT319,1,CHEM111,1,CMPSC360,2
mg4093@nittany.edu,CSE543,1,PHYS211,1,STAT319,2
nm3617@nittany.edu,STAT414,2,PHYS212,1,CMPSC475,2
sr9640@nittany.edu,EE330,1,CMPEN431,2,EE352,2
mw6081@nittany.edu,CSE583,2,STAT319,1,EE340,1
lt8326@nittany.edu,PHYS211,1,ECON102,2,EE320,2
mb8575@nittany.edu,CMPSC497,2,STAT318,2,CMPEN431,2
sc6597@nittany.edu,CMPEN431,1,CMPSC311,1,IST128,1
ma8535@nittany.edu,CMPEN331,1,ECON101,2,CMPEN454,1
mb5410@nittany.edu,MATH141,2,CMPEN441,1,MATH140,1
tb1810@nittany.edu,EE210,2,CMPSC465,1,IST558,1
jg7835@nittany.edu,CMPEN454,1,MATH141,2,PHYS212,1
yc8409@nittany.edu,DS220,1,MATH230,2,MATH140,2
nl1189@nittany.edu,CMPSC465,2,IST558,2,EE212,1
mg8396@nittany.edu,CMPSC475,2,DS220,1,ECON102,1
ta4214@nittany.edu,EE340,2,PHYS212,2,CMPSC132,1
jc9373@nittany.edu,PHYS211,1,CMPEN270,2,CHEM110,1
mr3131@nittany.edu,EE210,1,ECON101,2,CMPSC311,1
mj9296@nittany.edu,EE212,2,CMPSC475,1,EE352,2
lm8503@nittany.edu,CMPSC131,2,CMPEN411,2,CMPSC465,2
mt6337@nittany.edu,ECON201,2,CHEM112,2,CMPEN331,1
mo2344@nittany.edu,ECON201,2,CMPSC131,2,ECON101,2
ml8317@nittany.edu,MATH141,1,IST128,1,CMPSC465,1
mg7641@nittany.edu,CMPEN362,1,CMPEN351,1,CHEM112,2
ll6444@nittany.edu,MATH141,1,MATH140,1,DS120,2
md1308@nittany.edu,CMPEN362,1,CMPSC461,1,CMPSC311,2
jd5592@nittany.edu,CMPSC360,2,CMPSC448,1,EE320,2
sk9053@nittany.edu,MATH141,1,CMPSC448,1,CHEM112,2
mt1262@nittany.edu,CHEM110,2,STAT319,1,EE320,1
mm6682@nittany.edu,CMPSC131,2,CMPEN441,1,CMPEN270,2
nw3340@nittany.edu,IST558,1,CHEM111,1,CMPEN331,2
td2308@nittany.edu,CMPSC431W,2,EE352,1,IST128,2
jw3297@nittany.edu,CMPSC497,1,PHYS213,1,STAT415,2
sp1402@nittany.edu,CMPSC221,1,PHYS214,2,EE330,1
ml5796@nittany.edu,MATH141,1,EE330,2,CMPSC448,1
kc1302@nittany.edu,DS120,2,CMPEN441,2,ECON101,2
ld9084@nittany.edu,CHEM112,2,CMPSC132,1,IST558,2
oc9232@nittany.edu,IST128,2,EE311,2,MATH141,2
ma9716@nittany.edu,EE340,1,CMPSC431W,1,EE330,2
jh2181@nittany.edu,MATH231,1,IST558,1,MATH140,2
md7018@nittany.edu,CMPEN454,1,STAT415,2,CMPEN270,1
rm1496@nittany.edu,CMPEN454,2,CMPSC465,2,DS220,2
og7528@nittany.edu,CMPSC475,1,EE210,1,ECON101,2
ma8013@nittany.edu,CMPEN351,2,IST110,2,ECON201,1
kk5103@nittany.edu,CMPEN411,2,STAT319,2,CMPSC360,2
jj6204@nittany.edu,CHEM111,1,EE340,1,STAT414,1
lh7203@nittany.edu,CMPEN431,1,PHYS214,2,MATH141,2
lr4974@nittany.edu,EE330,2,ECON201,2,EE352,1
rr1861@nittany.edu,EE340,2,STAT319,1,STAT414,2
xb9185@nittany.edu,CMPSC221,1,PHYS212,1,CMPSC461,2
mb2685@nittany.edu,STAT319,1,CMPSC497,2,CMPSC221,1
ms6799@nittany.edu,PHYS214,2,CMPSC431W,2,CMPEN441,2
lm1111@nittany.edu,EE353,2,CHEM111,1,PHYS212,2
ja2479@nittany.edu,EE212,2,IST110,1,EE352,2
zo2385@nittany.edu,EE320,2,CMPSC221,2,CMPSC475,1
lr8600@nittany.edu,EE212,1,IST110,1,CMPSC221,2
kt2960@nittany.edu,ECON102,1,EE353,1,EE210,1
lh7173@nittany.edu,CMPSC448,1,STAT318,1,CHEM110,1
mj8696@nittany.edu,CMPEN270,2,ECON201,1,MATH141,1
mo9119@nittany.edu,CHEM112,1,CSE583,2,PHYS213,2
mr4981@nittany.edu,STAT319,1,CMPSC221,2,CMPSC461,1
rr3451@nittany.edu,CMPEN411,1,IST558,2,IST128,1
se2637@nittany.edu,EE211,2,DS120,2,CMPEN270,2
jm7044@nittany.edu,MATH231,1,PHYS211,2,IST558,1
zg1956@nittany.edu,DS220,2,CHEM110,1,IST110,2
mt7486@nittany.edu,CHEM112,1,MATH231,1,DS220,2
kh5965@nittany.edu,DS220,1,CMPSC475,2,CSE583,2
rt4621@nittany.edu,CMPSC132,1,EE311,2,CHEM112,1
jr8895@nittany.edu,CMPEN454,1,CMPEN411,2,CMPSC131,1
mc3632@nittany.edu,EE311,1,CHEM112,1,CMPEN270,2
oc9673@nittany.edu,ECON201,2,CMPSC497,2,STAT319,1
pp1292@nittany.edu,CMPSC132,2,STAT318,1,ECON102,1
sr8161@nittany.edu,MATH141,1,EE352,1,CMPEN331,2
mb3501@nittany.edu,PHYS214,2,EE340,2,ECON101,2
mt2330@nittany.edu,EE211,2,EE352,2,EE210,1
ss2791@nittany.edu,EE210,2,CMPEN351,1,MATH140,2
lt1060@nittany.edu,ECON201,1,CMPSC431W,1,DS120,1
mm9332@nittany.edu,STAT318,2,CMPSC497,1,DS220,2
mk2051@nittany.edu,CMPSC311,1,EE330,1,EE353,1
jk9270@nittany.edu,CSE583,1,MATH141,1,STAT415,1
lc9556@nittany.edu,CMPSC131,2,CMPSC497,2,CMPSC475,1
js1332@nittany.edu,MATH231,1,STAT318,2,PHYS212,2
ss5447@nittany.edu,MATH140,2,ECON101,1,STAT415,1
ma2722@nittany.edu,PHYS213,2,PHYS211,2,DS220,1
sw9710@nittany.edu,CHEM111,1,CMPSC132,1,CMPEN411,2
sm6158@nittany.edu,DS120,2,EE311,2,CMPEN331,1
ml5064@nittany.edu,EE340,1,STAT318,1,CHEM110,2
kh1154@nittany.edu,ECON101,2,MATH230,2,EE212,2
kt5956@nittany.edu,CMPSC497,2,CMPSC475,1,PHYS214,1
kr9918@nittany.edu,CHEM112,1,IST558,2,EE212,2
ko8925@nittany.edu,PHYS213,2,CMPSC360,2,CSE583,2
mf6881@nittany.edu,CMPSC311,2,CMPSC431W,1,MATH231,1
mk4451@nittany.edu,IST128,2,CHEM110,2,CSE583,2
sm5255@nittany.edu,ECON102,2,MATH231,2,CMPEN411,1
rb2832@nittany.edu,CMPSC132,1,CMPEN362,1,ECON102,2
jr3224@nittany.edu,EE330,1,ECON101,1,STAT318,1
kt2050@nittany.edu,EE352,1,CMPEN270,1,CSE583,1
wd2661@nittany.edu,CHEM112,2,CHEM110,2,EE330,2
rf1975@nittany.edu,CMPSC311,1,EE311,1,STAT318,1
mn9410@nittany.edu,CMPEN351,2,CMPSC475,2,PHYS213,1
sr4229@nittany.edu,CMPEN270,2,EE211,2,DS120,2
tm5315@nittany.edu,ECON201,2,STAT414,1,IST110,1
ls2077@nittany.edu,DS220,1,PHYS214,2,EE211,1
rr4724@nittany.edu,IST110,2,CMPSC311,2,STAT318,1
qj6035@nittany.edu,CMPSC461,1,PHYS214,1,CMPSC448,2
jp6334@nittany.edu,ECON101,1,EE311,2,MATH140,1
ms6805@nittany.edu,STAT318,2,CHEM112,1,CMPEN431,1
sm4829@nittany.edu,CMPEN270,2,STAT318,1,CMPEN441,2
mp8264@nittany.edu,CMPSC311,2,CMPEN270,2,PHYS212,1
md9837@nittany.edu,CMPEN411,1,MATH140,2,CSE543,1
mc9587@nittany.edu,STAT319,2,DS120,1,EE352,2
wa5127@nittany.edu,CMPEN351,2,CMPEN270,1,EE212,1
mp8748@nittany.edu,CMPSC360,1,CMPEN431,2,MATH231,1
vl5929@nittany.edu,CMPSC497,1,CMPSC448,2,EE211,1
md8760@nittany.edu,CMPEN362,1,CMPSC497,2,PHYS214,2
rh1754@nittany.edu,EE211,1,CHEM111,1,CMPSC360,1
mc2699@nittany.edu,CHEM112,2,CMPEN362,2,CMPSC311,2
jh9891@nittany.edu,EE212,1,CSE583,1,PHYS214,2
iv6531@nittany.edu,CMPEN362,1,CSE583,2,CMPSC465,1
ir2135@nittany.edu,PHYS211,1,EE311,1,ECON201,2
mr1874@nittany.edu,CHEM110,2,CMPEN441,2,ECON102,2
rr7213@nittany.edu,CMPSC448,2,MATH140,1,CMPEN431,1
rh6801@nittany.edu,EE353,2,CSE583,1,CMPEN454,1
mj1770@nittany.edu,DS120,2,CHEM111,1,CHEM110,1
mm6107@nittany.edu,ECON201,1,STAT319,1,CMPEN441,1
ma4550@nittany.edu,CMPEN331,2,CMPSC132,2,ECON101,1
jm2995@nittany.edu,EE340,2,CHEM111,2,ECON102,2
mz7054@nittany.edu,CMPEN362,1,CMPSC448,2,STAT318,2
km3504@nittany.edu,CHEM110,1,CMPSC431W,1,EE212,1
om9683@nittany.edu,CMPSC221,2,ECON102,2,EE352,1
jm6846@nittany.edu,MATH230,2,CMPSC132,2,ECON102,1
jk4828@nittany.edu,CMPEN431,1,CMPEN362,2,CMPEN270,2
rl4225@nittany.edu,CMPEN362,2,CMPEN351,1,ECON201,2
mg8599@nittany.edu,IST128,2,CHEM111,1,ECON102,1
lb9630@nittany.edu,DS120,2,CSE543,1,CMPSC311,2
pp1200@nittany.edu,PHYS211,2,CMPSC475,1,EE340,1
sw4720@nittany.edu,CSE583,1,STAT415,2,STAT319,2
lm1801@nittany.edu,DS220,2,CSE543,1,MATH230,2
mh9954@nittany.edu,EE211,1,CMPSC475,1,PHYS213,1
kw1386@nittany.edu,CMPSC311,2,CMPEN454,1,EE330,1
pa6499@nittany.edu,IST558,2,CHEM110,1,ECON101,1
sw3767@nittany.edu,EE211,2,CMPEN331,2,EE352,2
rl7115@nittany.edu,IST110,2,CMPSC132,2,CMPEN331,1
sb4094@nittany.edu,EE211,1,CSE543,1,EE352,2
lm3612@nittany.edu,MATH141,1,EE330,2,CSE543,2
mm7898@nittany.edu,STAT319,2,CMPSC461,2,DS220,1
sd7475@nittany.edu,EE340,1,STAT319,1,CMPSC360,2
mz3667@nittany.edu,CHEM110,2,CSE543,2,EE330,1
mo1767@nittany.edu,CSE583,1,MATH230,1,PHYS213,1
ms1481@nittany.edu,ECON101,2,STAT414,1,EE320,1
wr2752@nittany.edu,DS120,2,EE320,2,CMPEN362,1
ou9392@nittany.edu,MATH141,1,CMPSC221,1,CMPEN331,1
ml9111@nittany.edu,DS220,2,EE211,2,PHYS213,1
lh5555@nittany.edu,ECON102,1,CMPSC448,1,MATH140,2
rs3074@nittany.edu,CMPEN411,1,STAT319,2,CMPEN331,1
mb2986@nittany.edu,STAT319,2,EE353,2,MATH141,2
mh2194@nittany.edu,DS120,2,CMPEN351,1,CMPEN270,2
sg9224@nittany.edu,ECON201,2,EE210,2,CMPSC131,1
sl9147@nittany.edu,CHEM111,2,CMPSC465,2,CSE583,1
tz1637@nittany.edu,EE352,2,CMPSC131,2,PHYS211,1
bk5477@nittany.edu,ECON102,1,CMPEN454,2,CMPEN411,2
af2362@nittany.edu,EE211,2,CMPSC360,2,MATH231,2
at5855@nittany.edu,DS120,2,STAT414,2,CMPSC475,1
bb2708@nittany.edu,CMPEN441,1,CMPSC461,1,CHEM112,2
ab1769@nittany.edu,DS220,1,CMPSC461,1,CMPSC132,1
as5959@nittany.edu,EE352,2,CMPEN431,2,EE330,2
as3517@nittany.edu,EE353,1,CMPSC475,2,PHYS214,2
am9248@nittany.edu,CHEM110,1,EE330,1,CSE543,1
ab2069@nittany.edu,EE353,2,DS120,1,EE320,2
ab3353@nittany.edu,IST110,1,DS120,1,CMPSC448,1
ag4144@nittany.edu,MATH231,1,DS220,2,CHEM112,1
ae4536@nittany.edu,CMPSC497,1,STAT319,1,CMPEN454,2
as6603@nittany.edu,CSE583,2,PHYS212,1,CMPEN351,2
as6904@nittany.edu,DS220,1,CMPEN362,1,ECON101,2
ah4627@nittany.edu,IST128,2,IST110,1,CMPSC132,1
ac6117@nittany.edu,CSE583,2,CMPEN441,2,CMPSC461,1
bs3099@nittany.edu,CMPSC431W,2,CSE583,2,IST128,1
ar5750@nittany.edu,CMPEN454,1,CMPSC131,2,CMPEN270,1
bk4164@nittany.edu,ECON101,2,CMPEN270,1,STAT414,2
ah1893@nittany.edu,CMPEN351,2,PHYS213,1,EE311,1
as4372@nittany.edu,CMPEN362,1,EE330,1,DS220,1
ah8649@nittany.edu,MATH140,1,CMPEN411,2,CMPSC497,2
bl7521@nittany.edu,PHYS213,2,STAT318,1,EE353,1
bp1701@nittany.edu,CMPEN270,2,CMPSC461,2,IST558,2
ah2132@nittany.edu,CMPEN411,2,STAT414,1,CMPSC497,2
aw9070@nittany.edu,CMPEN351,1,MATH140,1,STAT415,2
ap7012@nittany.edu,CHEM111,1,DS220,1,EE210,2
aw1897@nittany.edu,CMPEN351,1,EE311,1,STAT414,1
ab3016@nittany.edu,MATH141,1,CMPEN411,2,MATH230,2
as7706@nittany.edu,EE212,2,CMPEN351,1,CMPEN362,1
aw2413@nittany.edu,ECON102,2,CMPSC360,1,EE353,2
ab4636@nittany.edu,CMPSC311,2,STAT414,1,STAT318,2
ay6012@nittany.edu,EE211,1,ECON101,2,CMPEN411,2
am1296@nittany.edu,PHYS213,1,CMPSC461,2,DS120,2
co9856@nittany.edu,CMPSC431W,1,CMPSC131,2,CMPEN411,1
bg1874@nittany.edu,ECON201,1,IST558,2,CMPEN331,2
cz9116@nittany.edu,CMPEN454,1,CMPSC311,1,CMPEN362,1
ch1256@nittany.edu,CMPEN454,2,CMPSC461,1,PHYS213,1
am2658@nittany.edu,MATH140,2,CMPEN454,2,IST558,1
cg4965@nittany.edu,CMPSC221,1,CMPEN331,1,EE353,1
ch2187@nittany.edu,CMPSC131,1,CMPSC132,2,EE311,2
cd3328@nittany.edu,EE352,2,CSE583,1,CMPSC461,1
bb2169@nittany.edu,PHYS214,1,CMPSC465,2,CSE583,1
aj2734@nittany.edu,CMPSC461,2,CMPEN270,1,MATH141,2
cs3661@nittany.edu,EE212,1,EE311,2,CMPSC132,1
al7553@nittany.edu,CHEM110,2,CMPSC461,2,EE212,2
dg3029@nittany.edu,CMPSC311,1,MATH140,2,CMPSC431W,1
aw5441@nittany.edu,PHYS214,2,ECON201,2,CMPSC448,2
br5296@nittany.edu,EE212,2,STAT415,2,CMPSC132,1
cb8478@nittany.edu,MATH231,1,CMPEN454,1,EE211,1
dh5107@nittany.edu,MATH140,1,CHEM112,1,CHEM110,1
bp7844@nittany.edu,CMPEN441,2,CMPSC132,1,MATH140,2
cg4094@nittany.edu,CMPEN351,1,EE340,1,CMPEN270,1
co3033@nittany.edu,CMPSC132,2,MATH230,2,CMPSC131,1
dk6748@nittany.edu,IST558,1,IST128,2,CMPEN331,1
ag2003@nittany.edu,ECON102,1,CMPEN431,2,CSE583,2
bh9149@nittany.edu,CMPEN411,2,CMPSC131,1,CMPSC221,1
as3353@nittany.edu,CMPSC132,1,CMPSC448,1,CSE583,1
bk6824@nittany.edu,CSE583,2,PHYS214,2,STAT319,1
ds4127@nittany.edu,MATH230,2,CSE543,1,CMPEN441,2
ac5862@nittany.edu,IST110,1,CMPEN441,1,CMPSC465,2
ck2097@nittany.edu,STAT415,2,CSE583,1,EE353,2
cf2840@nittany.edu,STAT415,1,CHEM111,1,CMPSC448,2
br8852@nittany.edu,CMPSC497,1,DS220,2,IST558,1
cr7454@nittany.edu,CMPEN441,1,CHEM110,1,MATH230,2
ch9754@nittany.edu,CHEM111,2,MATH141,1,MATH230,2
dh6358@nittany.edu,PHYS211,1,CMPEN441,1,CMPSC475,1
bj2880@nittany.edu,EE320,1,STAT319,1,IST110,1
ch3297@nittany.edu,CHEM112,2,DS220,2,MATH140,1
ak5096@nittany.edu,MATH140,1,CMPSC465,2,EE330,2
ag1594@nittany.edu,CMPEN331,1,MATH231,1,CMPEN270,2
bb3021@nittany.edu,CMPSC475,2,CSE543,2,CMPSC131,1
aw8623@nittany.edu,MATH231,2,PHYS214,1,PHYS211,2
cr5283@nittany.edu,CMPSC132,2,CMPSC131,2,CMPEN431,1
cn5833@nittany.edu,CMPSC132,1,STAT415,1,ECON201,2
bm9506@nittany.edu,ECON102,2,PHYS214,2,STAT415,1
cr7460@nittany.edu,ECON102,2,EE352,2,CMPSC431W,2
ab8172@nittany.edu,CMPSC465,1,CMPEN362,2,EE210,1
cr8911@nittany.edu,DS220,2,CMPSC311,2,EE210,1
as9069@nittany.edu,CMPSC132,1,MATH140,2,CHEM110,1
bb4483@nittany.edu,DS120,1,PHYS212,1,MATH231,2
cw7585@nittany.edu,EE320,1,IST128,2,IST558,1
am3245@nittany.edu,CMPSC475,2,CMPSC448,2,PHYS214,1
cb2134@nittany.edu,ECON101,1,PHYS212,2,CSE543,2
ah8299@nittany.edu,ECON101,1,DS220,1,STAT414,1
bh1407@nittany.edu,CMPSC465,2,EE311,1,CMPEN362,1
ck4064@nittany.edu,CMPEN431,2,EE212,2,STAT319,2
cr7030@nittany.edu,CMPSC311,1,PHYS212,2,MATH140,2
aa2256@nittany.edu,CMPEN331,2,CMPSC497,1,DS220,1
cr7834@nittany.edu,CMPSC448,2,CMPEN351,1,CMPEN411,1
ct2924@nittany.edu,CMPEN441,1,CSE543,2,MATH231,2
bw8893@nittany.edu,IST110,2,ECON102,2,CMPSC465,1
cg7136@nittany.edu,DS120,2,CMPEN362,2,CMPSC221,2
cc2445@nittany.edu,MATH231,2,CHEM112,1,ECON101,1
cc1235@nittany.edu,EE212,2,CMPEN454,1,CMPSC448,2
ca6499@nittany.edu,DS120,1,CMPSC311,1,ECON102,1
cq4861@nittany.edu,PHYS212,1,STAT319,1,EE352,2
cn5368@nittany.edu,CHEM112,2,CMPSC475,2,PHYS211,1
bl4092@nittany.edu,CMPSC311,1,IST558,2,EE320,2
ba4903@nittany.edu,STAT414,2,CMPSC311,2,EE210,1
cw6141@nittany.edu,IST110,2,CMPSC311,2,CMPSC221,1
cm4400@nittany.edu,MATH140,1,EE330,2,EE211,1
ck6661@nittany.edu,IST110,1,CMPSC448,2,CMPSC360,2
co5263@nittany.edu,CMPEN362,1,EE340,1,DS120,1
cs4243@nittany.edu,CMPEN441,1,EE352,2,STAT414,2
bc4962@nittany.edu,CMPEN431,1,STAT415,2,STAT319,2
af8503@nittany.edu,MATH230,2,STAT415,2,CMPEN331,1
am6323@nittany.edu,EE211,2,EE340,1,PHYS211,2
bp7877@nittany.edu,EE320,2,EE311,1,PHYS213,2
cw7068@nittany.edu,DS220,2,CMPEN331,1,CMPSC448,1
bl6052@nittany.edu,CMPSC221,2,CMPSC475,2,DS120,1
cs2006@nittany.edu,CHEM111,1,CMPEN362,2,IST110,1
ah6141@nittany.edu,DS120,1,STAT415,2,EE210,2
cs3754@nittany.edu,PHYS213,1,MATH230,2,MATH140,2
bk6475@nittany.edu,CHEM111,1,EE340,1,EE352,1
ch6057@nittany.edu,CMPSC221,2,CMPSC132,2,MATH231,2
ar9287@nittany.edu,EE211,2,MATH231,2,IST110,2
bm6234@nittany.edu,EE330,1,CMPSC221,2,IST110,1
bs1006@nittany.edu,CMPSC360,2,CMPEN270,2,CMPEN441,1
ca5845@nittany.edu,STAT318,1,EE311,2,CMPSC465,1
cb6121@nittany.edu,CMPEN331,2,STAT318,2,DS220,1
dh5008@nittany.edu,CMPSC131,1,CMPEN351,2,IST558,1
al8943@nittany.edu,CMPEN454,1,CMPEN362,2,ECON201,1
ak5890@nittany.edu,EE210,2,MATH230,1,MATH140,2
ca1975@nittany.edu,EE340,2,STAT414,2,CMPEN441,2
as2674@nittany.edu,PHYS214,2,CMPEN351,2,CMPSC465,1
ck4873@nittany.edu,DS220,2,PHYS211,1,CMPSC131,1
dr8416@nittany.edu,CMPSC132,1,IST110,2,EE210,2
cs5417@nittany.edu,CMPSC461,1,CMPEN441,1,STAT414,2
bd6345@nittany.edu,CMPEN331,2,CHEM112,2,ECON101,2
bl3745@nittany.edu,EE353,2,EE330,2,CMPEN270,1
bo5114@nittany.edu,ECON201,2,MATH141,2,EE212,1
ck8437@nittany.edu,IST110,1,ECON101,1,MATH231,2
ag5931@nittany.edu,STAT415,1,CMPEN431,1,CSE583,2
bf5148@nittany.edu,CSE543,1,PHYS213,1,PHYS211,2
db2409@nittany.edu,MATH140,1,CMPSC431W,2,CMPEN431,2
as2481@nittany.edu,CMPSC448,1,CMPSC497,1,CSE543,1
cd4187@nittany.edu,EE353,1,PHYS211,1,CHEM111,2
aj3787@nittany.edu,CMPSC461,2,DS220,1,CMPEN362,2
ae5810@nittany.edu,CMPEN270,1,STAT415,1,CHEM111,2
cc6232@nittany.edu,CMPSC461,1,MATH141,2,EE212,2
br8383@nittany.edu,MATH231,1,CMPEN431,1,PHYS213,1
dc8417@nittany.edu,CMPSC448,1,EE353,1,CHEM111,1
ap8774@nittany.edu,CMPEN411,2,EE320,2,CMPEN331,2
bb4001@nittany.edu,EE352,2,MATH141,2,EE212,2
cp9426@nittany.edu,PHYS212,2,STAT319,2,PHYS211,2
dh7522@nittany.edu,CMPEN351,1,EE330,1,CMPEN411,1
ao3325@nittany.edu,CMPSC497,2,ECON201,1,EE330,2
cs4540@nittany.edu,CMPEN411,1,EE311,1,CMPEN331,2
cw3561@nittany.edu,ECON201,1,ECON102,2,MATH140,1
cm5322@nittany.edu,EE210,2,PHYS214,2,CMPSC360,1
ab5104@nittany.edu,CSE543,2,MATH141,1,CMPSC497,2
cw1038@nittany.edu,IST128,2,PHYS213,1,CMPEN411,2
aw8382@nittany.edu,ECON102,1,STAT318,2,EE340,1
cb5065@nittany.edu,CMPEN270,1,CMPEN411,2,STAT319,2
bt1573@nittany.edu,CMPEN411,1,EE212,1,CSE583,2
cs3610@nittany.edu,CHEM112,1,CMPSC465,1,STAT319,2
db6530@nittany.edu,CMPEN411,2,ECON102,1,CMPSC360,1
cs1816@nittany.edu,EE210,1,CMPEN351,1,CMPEN270,2
eh3966@nittany.edu,STAT415,1,PHYS213,2,CMPEN270,1
gl5131@nittany.edu,EE330,2,STAT318,2,CMPEN270,2
eu6734@nittany.edu,ECON101,2,ECON102,2,CMPEN351,1
gj1336@nittany.edu,EE210,2,CMPEN454,1,ECON102,1
fe4839@nittany.edu,CMPEN351,1,CSE543,1,ECON201,2
ew9592@nittany.edu,EE211,2,EE340,2,CHEM111,1
ed8801@nittany.edu,EE353,2,EE330,2,CSE583,1
gp4162@nittany.edu,CMPEN411,2,CMPSC448,1,EE311,2
is6689@nittany.edu,EE352,1,STAT415,1,ECON201,1
ie2276@nittany.edu,CMPEN431,2,CMPSC461,1,PHYS214,2
ek4881@nittany.edu,EE210,2,CHEM112,2,PHYS214,1
gj5319@nittany.edu,EE352,2,ECON101,2,CHEM111,1
dg3660@nittany.edu,EE311,1,DS120,1,EE352,2
em6584@nittany.edu,EE330,2,CHEM112,2,EE320,1
db1016@nittany.edu,IST110,2,CMPSC360,1,MATH230,2
gl1897@nittany.edu,MATH140,1,CMPSC221,2,CMPSC448,2
da1878@nittany.edu,CMPSC221,2,PHYS213,2,DS120,1
ed7159@nittany.edu,DS220,2,ECON101,1,CMPEN331,1
gr5445@nittany.edu,CMPSC360,1,CMPEN441,1,IST558,1
fk6517@nittany.edu,EE353,1,STAT414,1,STAT415,1
ea7463@nittany.edu,EE320,2,ECON101,2,STAT414,2
dl7664@nittany.edu,CMPEN270,1,CMPSC448,1,IST110,1
dk5949@nittany.edu,CSE543,2,CMPSC131,2,PHYS213,2
do9924@nittany.edu,CMPEN351,2,CMPEN331,1,EE320,1
ew2287@nittany.edu,MATH231,1,CMPEN351,2,STAT318,1
dw8054@nittany.edu,EE340,2,CMPEN331,2,CSE543,1
fo7818@nittany.edu,MATH231,1,CHEM111,1,EE210,2
do2791@nittany.edu,CMPSC360,1,CSE583,2,EE212,2
dl2872@nittany.edu,IST558,1,MATH230,2,ECON101,2
hc9512@nittany.edu,CMPEN362,1,DS120,2,CMPSC132,2
fw9529@nittany.edu,PHYS214,1,ECON101,2,CMPSC360,1
fb6120@nittany.edu,CMPEN351,2,CMPSC131,2,CMPSC461,1
ej6416@nittany.edu,PHYS214,1,CMPEN351,2,CMPSC311,2
gs5261@nittany.edu,DS120,2,ECON101,1,CMPEN454,1
hs3812@nittany.edu,IST110,2,EE320,2,CHEM112,2
er9643@nittany.edu,CMPSC221,1,PHYS211,1,CMPSC448,2
gb9073@nittany.edu,ECON102,2,MATH230,1,CMPSC221,1
eh3135@nittany.edu,EE340,1,MATH141,2,CMPEN331,2
ds7254@nittany.edu,STAT318,1,ECON102,2,EE353,1
dw8693@nittany.edu,EE353,2,EE340,1,MATH140,1
eb5700@nittany.edu,CMPSC311,1,CMPSC360,1,MATH141,1
gb8971@nittany.edu,MATH141,1,IST558,2,CMPSC448,2
eb9702@nittany.edu,EE212,1,EE311,2,STAT415,2
fm5811@nittany.edu,EE330,2,CMPSC497,1,STAT415,2
il8896@nittany.edu,CMPEN454,2,EE212,1,ECON101,2
eb7897@nittany.edu,STAT319,2,CSE543,2,CMPSC465,1
gb9628@nittany.edu,CMPEN331,2,CMPSC465,1,IST110,1
el2162@nittany.edu,CMPSC475,1,PHYS214,1,PHYS212,2
dz1220@nittany.edu,EE210,1,STAT319,2,MATH140,1
em9606@nittany.edu,CMPSC448,1,CSE583,2,MATH140,1
dd7048@nittany.edu,CMPSC465,2,EE211,2,CMPSC475,2
hb4427@nittany.edu,CMPSC465,2,CSE583,2,CMPEN351,2
du5385@nittany.edu,EE330,1,CMPSC448,1,CMPSC461,1
do7088@nittany.edu,CMPSC431W,2,CMPEN362,1,CMPSC475,2
hh4615@nittany.edu,MATH231,2,CSE583,1,PHYS213,2
gl1181@nittany.edu,PHYS212,2,MATH141,1,CMPEN454,1
ds7549@nittany.edu,PHYS214,2,CHEM112,1,CMPSC132,1
ej6093@nittany.edu,CMPSC131,1,MATH141,1,IST558,1
dt1755@nittany.edu,CMPSC221,1,CSE543,1,CMPSC461,1
gh1031@nittany.edu,MATH140,1,CMPSC311,2,CMPSC461,2
dg9379@nittany.edu,EE340,1,EE210,2,CMPSC360,2
hq7130@nittany.edu,PHYS214,1,CMPEN431,1,ECON201,2
dl8726@nittany.edu,EE320,2,IST128,2,CSE543,1
fk3783@nittany.edu,EE352,1,CMPEN270,2,EE320,2
hs3254@nittany.edu,MATH230,1,CMPSC461,2,STAT318,1
eg9777@nittany.edu,ECON201,1,CSE543,2,STAT319,2
eh8403@nittany.edu,CMPEN270,2,IST558,1,CMPSC221,1
dg1041@nittany.edu,EE311,1,EE210,1,CHEM112,2
ew3399@nittany.edu,EE320,1,EE210,2,MATH230,1
dr5383@nittany.edu,MATH140,2,EE211,2,CMPEN441,2
ib8603@nittany.edu,CMPSC461,2,DS120,2,CMPEN411,2
ef2211@nittany.edu,STAT414,1,EE320,2,CMPEN351,1
hs6780@nittany.edu,CMPEN431,2,CMPSC448,1,CSE583,2
dh7046@nittany.edu,STAT318,1,CMPSC465,1,CMPSC431W,2
gl5818@nittany.edu,DS220,1,MATH140,1,EE210,2
gr4392@nittany.edu,PHYS211,2,CMPEN441,1,EE330,1
hm9327@nittany.edu,PHYS214,1,EE330,1,CMPEN431,1
er5239@nittany.edu,CMPSC311,1,CMPEN362,2,EE211,1
ek3642@nittany.edu,CMPEN441,1,EE210,2,ECON102,1
gr4591@nittany.edu,CMPSC360,2,EE311,2,EE211,1
fw2120@nittany.edu,CMPEN454,1,CMPSC360,2,EE212,2
fc5125@nittany.edu,CMPEN454,2,ECON101,1,DS120,2
hh1524@nittany.edu,DS220,1,CMPEN270,1,CMPEN431,1
dg7321@nittany.edu,STAT415,1,CMPEN431,1,CMPSC431W,1
dp4783@nittany.edu,ECON102,1,CMPEN351,2,CHEM110,1
gd4593@nittany.edu,CMPSC132,1,CMPSC221,1,EE340,1
dg7987@nittany.edu,ECON101,1,CSE583,1,MATH141,2
gr3326@nittany.edu,EE210,1,MATH231,1,CMPEN441,1
dk1425@nittany.edu,CMPSC131,1,CMPEN331,1,EE340,1
fr1588@nittany.edu,EE330,1,CMPEN454,1,CMPSC360,2
hc6195@nittany.edu,CMPEN454,1,CMPSC497,2,CMPEN270,2
fa1972@nittany.edu,CMPSC475,1,STAT415,2,CHEM111,2
ff4897@nittany.edu,CMPSC461,2,PHYS211,1,ECON101,1
gj7421@nittany.edu,PHYS211,2,CMPEN331,2,CHEM110,2
dk5850@nittany.edu,CMPEN411,2,MATH231,1,EE352,1
gh2561@nittany.edu,CMPSC131,2,CMPSC221,2,PHYS213,2
gs2617@nittany.edu,IST128,2,IST558,1,CMPSC465,1
eb3303@nittany.edu,CMPSC465,2,EE211,2,PHYS214,2
dt1653@nittany.edu,CMPSC360,1,EE353,2,CMPEN351,2
em9510@nittany.edu,PHYS212,1,EE212,1,STAT414,2
hh1856@nittany.edu,STAT319,2,CSE583,2,CMPSC311,1
eh6509@nittany.edu,ECON201,2,ECON102,2,CMPSC461,2
hm8630@nittany.edu,CMPEN441,2,CMPSC448,2,ECON101,2
eq3640@nittany.edu,IST110,2,CMPEN331,1,EE210,2
hw8828@nittany.edu,CMPSC431W,2,DS220,1,CMPSC461,2
ew8925@nittany.edu,CMPSC465,1,STAT318,1,ECON101,2
ek5867@nittany.edu,CSE543,1,MATH141,2,EE352,1
dm6277@nittany.edu,CMPEN270,1,EE330,2,IST110,1
er2458@nittany.edu,CMPEN362,2,ECON101,2,CSE543,2
ew2185@nittany.edu,CMPEN270,1,ECON102,2,EE311,1
gp3361@nittany.edu,CSE583,1,CSE543,2,CMPSC475,1
dh7362@nittany.edu,CMPSC475,2,CMPSC431W,1,EE212,2
eo6418@nittany.edu,CMPSC132,1,EE211,2,CMPSC431W,1
da3247@nittany.edu,CMPSC465,1,MATH140,1,EE352,2
gd1891@nittany.edu,CMPSC221,2,CMPSC475,2,EE320,2
dm4287@nittany.edu,CMPSC465,2,PHYS212,1,CMPSC360,2
dj4017@nittany.edu,STAT415,1,CHEM111,2,PHYS213,2
dg3528@nittany.edu,MATH140,2,EE340,2,MATH231,2
iw4518@nittany.edu,CMPSC431W,2,EE211,1,DS220,2
ds8193@nittany.edu,STAT414,1,ECON101,2,STAT415,2
ds2879@nittany.edu,CMPEN351,1,ECON102,2,CMPSC461,2
hl4356@nittany.edu,MATH140,2,CHEM110,2,CMPSC131,2
dw5475@nittany.edu,EE340,2,CMPSC497,1,EE212,2
ft1093@nittany.edu,CMPSC465,1,MATH141,1,CMPSC448,2
fs3719@nittany.edu,CMPEN431,1,CMPEN270,1,CMPEN411,1
ds2224@nittany.edu,CMPSC461,2,EE211,1,PHYS212,2
es8944@nittany.edu,CMPSC475,1,STAT318,1,STAT319,1
gt3176@nittany.edu,CMPEN441,1,IST128,2,ECON201,2
dc7489@nittany.edu,IST128,1,CMPSC497,1,PHYS212,2
ek7386@nittany.edu,CHEM112,2,CMPSC465,2,CMPEN362,2
fg4672@nittany.edu,MATH140,2,CHEM110,2,CHEM111,1
da2022@nittany.edu,EE210,1,CMPSC448,1,CHEM110,1
fs1546@nittany.edu,CMPSC475,2,PHYS213,2,CMPEN270,1
ew7279@nittany.edu,EE211,2,MATH230,2,CHEM111,1
hh9927@nittany.edu,PHYS214,2,EE210,2,DS220,2
gd6812@nittany.edu,EE330,2,EE352,2,STAT415,1
gh4919@nittany.edu,PHYS212,1,EE210,2,PHYS214,1
hb6400@nittany.edu,CMPSC131,2,ECON101,1,EE330,1
dl4708@nittany.edu,IST110,1,CMPSC131,2,MATH141,2
fw1745@nittany.edu,CMPSC461,2,CHEM111,1,MATH231,1
gb6345@nittany.edu,CMPSC360,1,EE330,2,CMPSC448,2
ed1041@nittany.edu,EE311,1,CMPSC497,1,MATH231,2
er8341@nittany.edu,EE211,1,CMPSC497,2,MATH231,1
ej3628@nittany.edu,ECON102,1,EE352,1,CMPSC131,1
gs3266@nittany.edu,IST558,2,IST110,1,CMPEN441,1
dm6239@nittany.edu,CMPEN362,2,EE352,1,EE210,2
fh7189@nittany.edu,CMPSC132,2,CMPEN441,1,CMPSC131,1
gr1809@nittany.edu,CMPSC475,2,EE353,2,IST128,2
hm5525@nittany.edu,CMPSC360,1,EE212,1,CMPSC475,1
eg7228@nittany.edu,ECON101,2,CMPSC497,1,DS220,1
em2859@nittany.edu,PHYS213,1,CMPSC360,2,CMPEN431,1
eg5689@nittany.edu,STAT319,1,PHYS212,1,CMPSC461,1
dc8436@nittany.edu,PHYS213,2,PHYS211,1,EE320,2
eo5933@nittany.edu,CHEM110,1,CMPEN411,2,STAT318,1
ek2555@nittany.edu,CMPSC221,2,PHYS211,1,STAT415,2
ib9263@nittany.edu,EE210,2,CSE543,2,CMPSC497,1
dl7100@nittany.edu,CHEM110,1,CMPEN454,1,STAT318,2
gh1212@nittany.edu,CSE583,2,CMPSC221,2,STAT415,2
dc3082@nittany.edu,CHEM111,2,CMPEN454,2,CMPSC360,1
em3990@nittany.edu,EE340,2,CMPSC131,2,CHEM112,2
dk9439@nittany.edu,CMPSC221,2,CMPEN441,1,PHYS211,2
gs6695@nittany.edu,MATH230,1,EE352,1,MATH140,1
gp6880@nittany.edu,PHYS213,2,CMPSC448,1,CMPEN431,2
es9891@nittany.edu,ECON102,1,MATH231,1,ECON201,2
ds2211@nittany.edu,ECON201,2,STAT319,2,PHYS214,2
er2244@nittany.edu,CMPSC132,2,IST110,1,PHYS211,2
do8320@nittany.edu,MATH141,2,EE353,2,CMPSC465,2
er6539@nittany.edu,CSE583,2,IST128,2,STAT415,1
ds2123@nittany.edu,EE212,1,CMPSC448,1,EE330,1
dg8738@nittany.edu,CMPEN331,1,EE352,1,CMPSC497,2
dr9676@nittany.edu,MATH141,1,CMPEN331,2,MATH230,2
er2818@nittany.edu,EE353,1,CMPEN362,2,STAT319,2
gc5107@nittany.edu,CSE583,2,CMPSC465,2,PHYS212,2
da8807@nittany.edu,EE311,2,EE210,1,DS120,2
gk3247@nittany.edu,ECON101,1,CMPSC221,1,CMPEN454,2
hs1177@nittany.edu,CMPEN270,1,CHEM110,1,EE211,1
hb7496@nittany.edu,EE311,2,EE211,2,MATH140,1
hd3109@nittany.edu,EE311,1,EE330,1,CMPSC221,2
dm9701@nittany.edu,CHEM112,2,CMPEN362,2,EE320,2
es2273@nittany.edu,ECON201,1,STAT414,2,ECON102,2
em7352@nittany.edu,CMPEN362,1,STAT318,1,PHYS212,1
dr6246@nittany.edu,EE210,2,PHYS212,1,ECON201,2
dw2632@nittany.edu,CHEM110,2,ECON101,2,CMPSC221,1
dh1318@nittany.edu,CMPSC311,2,MATH141,2,CMPSC431W,1
ev8921@nittany.edu,CMPEN441,2,MATH230,2,STAT414,2
gw5806@nittany.edu,EE320,1,PHYS214,2,EE352,1
dr3255@nittany.edu,CMPSC431W,2,EE352,1,CMPSC448,1
dh3792@nittany.edu,EE212,2,CHEM110,1,MATH230,1
dc5453@nittany.edu,MATH231,2,CMPEN431,1,CHEM111,1
fh5083@nittany.edu,CMPSC311,1,CMPEN411,1,CMPSC497,1
ew8429@nittany.edu,MATH141,1,EE320,2,EE340,1
eb2377@nittany.edu,EE212,1,CMPEN431,1,CHEM111,2
fr6216@nittany.edu,CSE543,1,DS120,1,CMPSC131,2
eb9389@nittany.edu,EE352,2,CMPSC448,2,EE211,1
ee6932@nittany.edu,MATH230,2,CMPEN351,1,IST128,2
er9391@nittany.edu,EE352,2,PHYS211,1,CSE543,2
da4619@nittany.edu,EE212,2,PHYS211,2,CMPEN362,1
dr7544@nittany.edu,CMPSC132,1,CMPSC465,1,PHYS214,1
ej7700@nittany.edu,CMPSC311,1,CMPSC461,2,CMPEN454,2
df7770@nittany.edu,MATH230,1,CMPEN351,2,PHYS212,1
ds5937@nittany.edu,CMPEN441,2,DS220,2,STAT319,2
hk5972@nittany.edu,CMPEN351,1,PHYS211,2,CMPEN411,1
dg6925@nittany.edu,CMPEN362,2,CMPEN351,2,IST110,1
em9445@nittany.edu,CHEM112,1,EE320,1,STAT318,2
gk9861@nittany.edu,PHYS213,2,CHEM110,2,STAT318,1
gc5114@nittany.edu,CMPSC131,1,EE311,2,CMPSC360,1
dj1479@nittany.edu,CMPEN431,2,CMPSC497,2,MATH230,2
hr2868@nittany.edu,PHYS211,2,EE330,1,CMPEN331,1
fb4575@nittany.edu,PHYS213,1,CSE543,1,CMPSC431W,1
de5828@nittany.edu,CMPEN331,2,CHEM111,2,EE352,2
fm5590@nittany.edu,CMPSC132,2,STAT415,2,CMPSC497,2
fr8166@nittany.edu,IST558,1,ECON102,2,CHEM110,2
dl6390@nittany.edu,EE210,1,CMPEN411,1,STAT415,1
df8189@nittany.edu,IST558,2,CMPSC360,2,EE353,1