Email,Courses 1,Course 1 Section,Course 1 EXAM_No,Course 1 EXAM_Grade,Courses 2,Course 2 Section,Course 2 EXAM_No,Course 2 EXAM_Grade,Courses 3,Course 3 Section,Course 3 EXAM_No,Course 3 EXAM_Grade
al4613@nittany.edu,EE320,1,1,86,EE212,1,1,81,CMPEN454,2,,
am4447@nittany.edu,PHYS212,2,1,82,IST110,1,1,83,CMPEN331,1,1,84
ak9804@nittany.edu,CMPEN411,2,1,76,MATH231,1,1,93,CHEM111,1,1,87
as1233@nittany.edu,CMPSC360,1,1,94,CMPEN431,2,1,83,EE330,1,1,95
al5684@nittany.edu,CMPSC497,2,,,CMPSC461,1,1,84,CMPSC475,2,1,97
al6759@nittany.edu,CMPSC360,1,1,91,PHYS213,1,1,99,ECON101,1,1,81
ah2567@nittany.edu,CMPEN351,2,1,62,STAT414,1,,,MATH230,2,1,79
ab8825@nittany.edu,PHYS211,1,1,63,CMPEN270,1,1,79,STAT319,2,1,61
ak1365@nittany.edu,CMPSC465,2,1,65,STAT414,1,,,STAT415,1,1,63
at2037@nittany.edu,PHYS214,2,1,90,IST558,1,,,CSE583,2,1,91
as3627@nittany.edu,CSE583,2,1,79,CMPSC360,1,1,81,IST110,2,1,88
ah3078@nittany.edu,STAT414,2,,,EE353,2,1,73,CMPSC448,1,1,70
ab8389@nittany.edu,CMPEN441,2,1,92,CMPEN351,2,1,95,PHYS214,1,1,100
at1813@nittany.edu,CMPEN431,1,1,76,CMPSC221,2,1,81,PHYS211,1,1,64
ao8250@nittany.edu,PHYS212,2,1,88,CSE583,2,1,65,DS220,2,1,80
al8826@nittany.edu,EE352,1,1,85,ECON102,2,1,68,CMPSC132,1,1,80
ab4479@nittany.edu,EE340,1,,,EE212,2,1,62,EE211,1,1,94
al5806@nittany.edu,CHEM111,1,1,75,EE210,2,1,91,EE352,1,1,70
aj1457@nittany.edu,STAT318,1,1,94,EE210,1,1,81,EE212,1,1,65
ar7586@nittany.edu,CSE543,2,1,82,CHEM111,1,1,85,DS120,1,1,91
am6718@nittany.edu,CMPSC461,1,1,76,MATH230,1,1,97,CHEM111,1,1,72
as4057@nittany.edu,IST558,2,,,MATH231,1,1,86,EE210,1,1,60
az6923@nittany.edu,IST110,2,1,73,MATH140,2,1,87,STAT318,2,1,94
ab9912@nittany.edu,MATH140,2,1,64,CHEM110,1,1,95,CMPSC475,2,1,87
ap8429@nittany.edu,CMPEN454,1,,,IST558,1,,,CMPEN441,1,1,61
ag4728@nittany.edu,DS220,1,1,90,CMPSC448,1,1,73,MATH231,1,1,85
am5109@nittany.edu,MATH140,2,1,80,CMPEN454,1,,,IST558,2,,
ab3717@nittany.edu,CHEM110,1,1,69,EE353,2,1,85,CMPEN362,1,1,88
ah5707@nittany.edu,IST128,1,1,84,STAT319,1,1,61,DS120,2,1,90
ad9791@nittany.edu,EE311,1,1,61,CHEM111,2,1,93,CSE543,1,1,68
aw2983@nittany.edu,PHYS213,2,1,60,ECON201,2,1,66,EE353,2,1,92
lj2993@nittany.edu,MATH140,2,1,75,CHEM112,1,1,97,STAT318,2,1,77
rb1832@nittany.edu,EE320,1,1,76,DS120,2,1,86,ECON101,2,1,92
ld8122@nittany.edu,IST110,2,1,91,CMPSC475,1,1,67,MATH231,2,1,99
md5914@nittany.edu,CMPEN431,2,1,70,CMPSC360,2,1,96,EE330,2,1,93
kf8268@nittany.edu,CMPEN362,2,1,89,CMPEN331,1,1,90,PHYS211,1,1,70
pz6665@nittany.edu,CHEM112,1,1,79,CHEM111,1,1,79,EE212,2,1,79
mr6639@nittany.edu,STAT319,1,1,85,CMPSC132,2,1,78,CMPEN431,1,1,78
sc5452@nittany.edu,PHYS211,2,1,74,CMPSC448,1,1,62,CMPSC221,2,1,88
tp8468@nittany.edu,IST128,2,1,99,PHYS214,1,1,85,MATH230,2,1,85
ih9335@nittany.edu,CMPEN331,2,1,100,CMPEN362,1,1,73,PHYS213,1,1,83
me9525@nittany.edu,EE311,1,1,75,STAT319,1,1,80,CMPEN454,1,,
pr4075@nittany.edu,CMPSC461,1,1,69,STAT415,2,1,65,IST110,2,1,90
nk8056@nittany.edu,EE211,1,1,63,EE210,1,1,81,IST558,2,,
jz5577@nittany.edu,CMPSC475,1,1,90,CMPSC431W,1,1,63,ECON201,1,1,96
jp2632@nittany.edu,ECON101,1,1,92,EE353,2,1,96,CHEM110,2,1,63
lk7361@nittany.edu,MATH140,2,1,65,EE353,1,1,77,MATH141,1,1,90
ks1880@nittany.edu,ECON101,1,1,78,STAT415,1,1,81,CMPSC448,1,1,84
ms2404@nittany.edu,STAT415,2,1,68,CMPEN411,1,1,81,CMPSC311,2,1,98
ih5431@nittany.edu,CMPSC431W,1,1,97,CMPSC497,2,,,CMPSC475,1,1,76
sm4115@nittany.edu,STAT318,1,1,89,CMPEN411,2,1,87,CSE583,1,1,82
js8078@nittany.edu,CMPSC475,2,1,76,DS120,1,1,69,CMPEN431,1,1,72
mb4117@nittany.edu,DS120,2,1,85,CMPSC475,2,1,73,EE340,2,,
rm8585@nittany.edu,CMPEN454,1,,,EE311,1,1,94,MATH141,1,1,68
mg1976@nittany.edu,PHYS214,1,1,86,ECON102,1,1,82,IST110,2,1,71
kc4364@nittany.edu,EE211,1,1,64,CMPSC311,1,1,68,EE330,1,1,93
rh2046@nittany.edu,DS120,2,1,69,ECON201,1,1,61,CMPSC465,1,1,89
jh2885@nittany.edu,EE352,2,1,99,CMPSC131,1,1,88,EE330,2,1,70
ms9362@nittany.edu,ECON101,1,1,91,EE210,2,1,69,EE353,2,1,80
jl6447@nittany.edu,ECON102,2,1,87,EE340,1,,,DS120,1,1,64
mr2329@nittany.edu,PHYS213,2,1,63,MATH141,1,1,64,ECON201,1,1,96
ma5503@nittany.edu,CMPEN270,1,1,60,EE353,2,1,77,CMPEN411,2,1,64
rb4971@nittany.edu,CMPEN351,1,1,98,STAT415,2,1,80,ECON102,1,1,80
jc5818@nittany.edu,PHYS211,1,1,68,CMPSC465,2,1,100,CMPEN454,2,,
kg2618@nittany.edu,EE352,2,1,68,IST128,1,1,88,ECON101,1,1,82
lg4120@nittany.edu,CMPSC131,1,1,61,CMPSC465,2,1,65,MATH230,2,1,99
sg2123@nittany.edu,CMPSC497,2,,,CHEM112,1,1,67,PHYS211,1,1,76
tp3946@nittany.edu,CMPEN441,2,1,80,DS120,2,1,80,EE340,2,,
sb5076@nittany.edu,IST128,1,1,68,PHYS212,2,1,83,EE210,2,1,92
mh2221@nittany.edu,CMPSC497,2,,,PHYS211,2,1,60,CMPEN331,2,1,62
vs8351@nittany.edu,IST110,2,1,90,MATH230,1,1,96,CHEM111,2,1,71
mm1324@nittany.edu,STAT319,1,1,91,MATH141,2,1,78,PHYS213,2,1,91
tg2289@nittany.edu,CMPEN441,1,1,98,CHEM110,2,1,79,CMPSC497,2,,
mk4648@nittany.edu,CSE543,1,1,70,EE340,2,,,EE353,2,1,82
sa8884@nittany.edu,CSE543,1,1,97,EE352,2,1,91,CMPSC461,1,1,98
kn1468@nittany.edu,ECON201,2,1,92,CMPEN441,1,1,88,EE353,1,1,61
jk5833@nittany.edu,CMPEN362,2,1,61,PHYS213,1,1,92,ECON102,1,1,93
md1699@nittany.edu,CMPSC448,1,1,95,CMPEN270,2,1,81,STAT415,2,1,75
mc4814@nittany.edu,IST110,2,1,69,CMPEN331,1,1,62,CMPEN351,1,1,74
ll2646@nittany.edu,CMPSC132,1,1,98,IST110,2,1,81,ECON101,1,1,94
mr3369@nittany.edu,ECON201,2,1,87,CHEM112,2,1,98,DS220,1,1,68
tb7100@nittany.edu,EE311,2,1,65,CMPSC132,2,1,70,IST558,1,,
wm3293@nittany.edu,MATH231,2,1,95,CMPSC448,2,1,90,CMPSC131,2,1,97
jb9557@nittany.edu,CMPEN454,2,,,CHEM111,1,1,92,MATH231,1,1,94
ko8881@nittany.edu,CHEM110,1,1,88,CMPSC360,2,1,80,CMPEN431,2,1,78
zj6533@nittany.edu,EE311,2,1,74,CMPSC465,2,1,87,CSE543,1,1,65
mb4756@nittany.edu,PHYS211,1,1,85,EE340,2,,,DS120,2,1,66
mr3556@nittany.edu,EE320,2,1,94,MATH230,2,1,82,CMPEN431,2,1,77
md3813@nittany.edu,EE311,1,1,87,CMPEN411,1,1,63,IST128,2,1,69
km6173@nittany.edu,DS120,2,1,75,CSE583,2,1,88,CMPEN431,2,1,87
sg3060@nittany.edu,CMPEN270,1,1,61,MATH231,2,1,69,IST558,1,,
ms7605@nittany.edu,MATH140,2,1,68,CMPSC448,2,1,82,CMPEN351,2,1,84
tm4946@nittany.edu,STAT318,2,1,82,DS120,2,1,67,CMPSC221,1,1,98
jg1721@nittany.edu,CMPEN411,2,1,64,CMPEN351,1,1,64,STAT319,1,1,60
yc2897@nittany.edu,CMPEN270,1,1,83,EE352,2,1,75,CMPEN441,2,1,78
ss9714@nittany.edu,CSE583,1,1,70,STAT414,1,,,ECON101,2,1,95
rb9779@nittany.edu,PHYS214,2,1,86,CMPEN431,1,1,81,EE210,1,1,65
zr6768@nittany.edu,CHEM110,2,1,97,CMPSC448,1,1,62,MATH141,1,1,72
rc6428@nittany.edu,EE212,2,1,81,CMPSC465,1,1,72,EE353,1,1,89
jt5287@nittany.edu,CMPSC221,2,1,69,CMPEN431,2,1,81,CSE543,2,1,78
lo7605@nittany.edu,CMPEN270,2,1,69,CMPEN331,1,1,96,CMPSC221,1,1,61
tr4637@nittany.edu,STAT414,1,,,EE211,1,1,68,STAT318,2,1,62
lr3728@nittany.edu,CMPSC475,2,1,65,CHEM110,1,1,68,MATH230,2,1,72
xg4863@nittany.edu,PHYS212,2,1,85,CMPEN331,1,1,85,ECON101,1,1,61
me5010@nittany.edu,CSE583,2,1,95,STAT318,1,1,77,MATH231,2,1,65
lr5472@nittany.edu,EE211,1,1,61,ECON101,1,1,74,EE320,1,1,67
sh4974@nittany.edu,CMPEN351,1,1,89,MATH231,1,1,74,ECON102,2,1,61
la9924@nittany.edu,EE320,2,1,96,DS120,2,1,80,CMPEN454,1,,
ms2737@nittany.edu,DS120,2,1,61,CHEM110,2,1,89,CMPSC475,2,1,60
tb8127@nittany.edu,CMPSC461,1,1,88,CMPSC475,2,1,96,PHYS211,2,1,94
mm2976@nittany.edu,STAT415,1,1,85,PHYS214,2,1,87,CMPSC311,2,1,81
th3170@nittany.edu,EE212,1,1,73,MATH141,2,1,79,CMPEN331,2,1,71
kk3742@nittany.edu,MATH141,2,1,95,STAT318,1,1,91,EE211,1,1,92
nd2615@nittany.edu,EE211,1,1,92,IST110,1,1,72,CHEM112,1,1,85
sb6428@nittany.edu,EE353,2,1,78,EE330,2,1,100,MATH230,1,1,84
rr9237@nittany.edu,CMPEN431,2,1,97,CMPSC360,1,1,63,CMPSC311,1,1,97
mm1660@nittany.edu,CMPSC131,1,1,98,CMPSC221,1,1,90,CMPSC360,1,1,92
mr1462@nittany.edu,PHYS213,1,1,96,STAT319,2,1,79,CMPEN431,2,1,71
lg1828@nittany.edu,CHEM110,2,1,98,MATH230,2,1,66,MATH231,2,1,65
jo7172@nittany.edu,CMPEN331,2,1,72,CMPEN362,1,1,67,EE320,2,1,64
ma5045@nittany.edu,CMPSC221,2,1,63,CMPSC465,2,1,82,CHEM111,1,1,80
mc4696@nittany.edu,STAT414,2,,,CMPSC465,2,1,61,STAT319,1,1,93
rs3973@nittany.edu,IST110,1,1,71,CMPEN351,2,1,60,CMPSC465,2,1,75
my7428@nittany.edu,IST558,2,,,CMPSC497,1,,,PHYS213,1,1,99
mv4275@nittany.edu,CMPSC132,1,1,97,ECON102,1,1,75,PHYS213,2,1,77
vw5806@nittany.edu,IST110,1,1,67,CMPSC360,1,1,90,STAT414,1,,
nr4230@nittany.edu,ECON101,2,1,76,DS120,1,1,77,CMPSC360,2,1,61
ma3543@nittany.edu,CMPEN441,2,1,70,IST110,1,1,81,EE352,1,1,60
mc9149@nittany.edu,EE211,2,1,69,CHEM110,2,1,73,ECON201,1,1,99
lg2530@nittany.edu,CSE543,2,1,94,STAT319,1,1,67,CMPEN441,2,1,89
sh4671@nittany.edu,CMPEN351,1,1,62,CHEM112,2,1,60,MATH230,2,1,92
mt7030@nittany.edu,EE311,2,1,77,CMPEN454,2,,,CMPEN431,2,1,70
lt3713@nittany.edu,CSE583,1,1,60,ECON101,2,1,88,MATH141,1,1,74
jw3861@nittany.edu,CMPSC465,1,1,65,CHEM112,1,1,73,CMPEN431,1,1,68
kr4923@nittany.edu,EE211,2,1,74,STAT318,2,1,82,EE352,1,1,86
nf6339@nittany.edu,STAT319,2,1,74,CMPSC221,1,1,99,EE210,1,1,96
md6319@nittany.edu,IST110,2,1,82,CHEM112,2,1,85,ECON101,1,1,98
mb1688@nittany.edu,EE353,2,1,85,CSE583,1,1,61,CMPEN431,2,1,75
mk5190@nittany.edu,CMPEN411,2,1,99,IST110,2,1,64,EE352,1,1,86
mk3204@nittany.edu,STAT319,1,1,94,ECON101,1,1,94,CMPSC461,1,1,85
oc3904@nittany.edu,EE330,1,1,85,CMPEN362,1,1,86,CMPSC448,1,1,99
km6627@nittany.edu,CMPSC461,1,1,83,CSE583,1,1,85,CHEM112,1,1,85
js6308@nittany.edu,CMPSC221,2,1,91,CMPEN331,2,1,96,CMPSC131,2,1,68
jw4897@nittany.edu,EE311,1,1,69,EE330,2,1,75,STAT318,1,1,83
vl7715@nittany.edu,CMPSC311,2,1,96,CMPSC448,1,1,79,EE211,1,1,100
ph3861@nittany.edu,STAT318,1,1,89,CMPEN411,2,1,63,CMPSC431W,2,1,67
md2194@nittany.edu,CMPEN454,1,,,CMPSC497,2,,,CSE543,2,1,73
jh3919@nittany.edu,PHYS214,1,1,66,EE211,1,1,85,EE340,2,,
mw5114@nittany.edu,EE330,2,1,72,CMPEN431,1,1,92,CMPEN441,1,1,84
ld6778@nittany.edu,EE330,1,1,60,CMPSC131,1,1,89,ECON102,2,1,78
mc1411@nittany.edu,CSE583,2,1,62,PHYS211,2,1,73,CMPEN454,1,,
lg7099@nittany.edu,CSE583,1,1,98,EE210,2,1,94,CHEM111,2,1,92
mm9659@nittany.edu,CMPSC475,1,1,91,CMPSC360,2,1,94,EE353,1,1,78
rc5324@nittany.edu,CSE543,1,1,90,DS120,2,1,88,CMPSC311,1,1,94
mz7312@nittany.edu,CMPSC311,1,1,71,ECON101,1,1,78,CHEM110,1,1,73
ml5786@nittany.edu,CMPSC461,1,1,63,PHYS212,2,1,61,PHYS213,1,1,85
nh2508@nittany.edu,CMPEN362,2,1,78,CMPSC448,2,1,94,CHEM111,2,1,72
ms2255@nittany.edu,MATH141,2,1,100,CMPEN411,2,1,76,STAT319,1,1,80
mp4954@nittany.edu,CMPSC431W,1,1,63,CMPSC448,1,1,67,EE330,1,1,86
lj7790@nittany.edu,MATH140,2,1,97,EE211,2,1,76,CSE543,2,1,99
sr7729@nittany.edu,CHEM111,1,1,99,CMPSC497,2,,,CHEM112,1,1,63
mt8800@nittany.edu,MATH231,1,1,88,CMPSC360,1,1,77,CMPEN431,2,1,70
ld6540@nittany.edu,CMPSC497,1,,,MATH231,2,1,95,CSE543,1,1,100
sv5358@nittany.edu,CMPSC132,2,1,77,EE330,1,1,94,CMPSC475,2,1,74
kf8921@nittany.edu,IST558,1,,,IST128,2,1,78,STAT319,2,1,98
rh4718@nittany.edu,CMPEN441,2,1,95,PHYS213,1,1,94,CSE543,2,1,77
vt8578@nittany.edu,EE212,2,1,81,CMPEN362,1,1,84,ECON201,2,1,74
lu6872@nittany.edu,STAT319,1,1,72,CMPSC497,2,,,DS120,2,1,92
lb6520@nittany.edu,EE330,1,1,69,EE210,2,1,73,MATH141,2,1,75
kb6941@nittany.edu,CMPEN331,1,1,81,MATH141,1,1,74,PHYS214,2,1,71
rv5469@nittany.edu,CMPSC221,1,1,82,IST110,2,1,89,CMPEN431,1,1,77
ml7975@nittany.edu,CSE543,1,1,86,CHEM110,2,1,100,IST558,1,,
mj4880@nittany.edu,STAT319,2,1,66,EE311,1,1,83,CMPEN331,2,1,92
jf9661@nittany.edu,EE340,2,,,MATH141,2,1,70,EE210,2,1,84
lt8366@nittany.edu,CMPSC311,2,1,75,IST110,2,1,86,MATH230,1,1,91
js7099@nittany.edu,CMPSC132,2,1,89,CMPEN362,1,1,64,CMPEN331,1,1,90
rf2661@nittany.edu,CMPSC221,2,1,78,PHYS211,1,1,69,STAT414,2,,
js8165@nittany.edu,EE352,1,1,88,STAT318,1,1,96,EE330,2,1,100
kk3115@nittany.edu,CHEM110,1,1,88,CMPEN331,1,1,60,EE211,1,1,88
mr4635@nittany.edu,EE330,1,1,61,CMPEN411,2,1,89,EE320,2,1,90
ve8889@nittany.edu,EE330,1,1,94,CSE543,2,1,65,CSE583,1,1,94
ml3983@nittany.edu,CMPEN454,2,,,CMPSC461,1,1,65,CMPSC311,1,1,90
ld8065@nittany.edu,CMPEN270,1,1,99,IST128,2,1,87,CMPSC131,2,1,99
jk4403@nittany.edu,DS220,2,1,92,CMPSC497,1,,,EE352,1,1,99
in2805@nittany.edu,EE212,2,1,69,EE320,2,1,69,STAT415,1,1,74
pb8346@nittany.edu,CMPEN362,2,1,71,EE320,1,1,84,MATH230,2,1,71
rf1782@nittany.edu,PHYS213,2,1,93,MATH231,1,1,95,EE320,2,1,84
mn6721@nittany.edu,EE211,2,1,60,MATH230,1,1,92,CMPSC311,2,1,73
sm6043@nittany.edu,CMPEN351,1,1,69,EE311,2,1,65,DS220,2,1,65
lj2224@nittany.edu,DS220,2,1,91,CMPEN431,2,1,64,MATH141,2,1,73
wr3515@nittany.edu,CMPSC221,1,1,71,MATH230,2,1,76,STAT414,2,,
wl5243@nittany.edu,EE212,1,1,86,ECON102,2,1,89,MATH140,1,1,60
jr8665@nittany.edu,CMPSC131,2,1,75,CHEM112,2,1,87,CMPEN454,2,,
ns1210@nittany.edu,CMPEN441,2,1,67,CMPEN351,2,1,83,EE330,2,1,65
ms6173@nittany.edu,MATH141,2,1,87,CMPSC311,2,1,86,PHYS212,1,1,98
na8379@nittany.edu,EE212,2,1,99,CMPEN431,2,1,63,CMPSC131,1,1,87
ls6337@nittany.edu,CMPSC132,2,1,99,CMPEN331,2,1,86,EE212,1,1,69
sm9645@nittany.edu,CMPSC465,1,1,94,IST110,2,1,98,EE212,1,1,81
rr8243@nittany.edu,CSE583,1,1,68,EE320,1,1,98,CMPSC132,1,1,82
lw4369@nittany.edu,STAT318,2,1,74,ECON201,1,1,62,EE210,1,1,69
il3541@nittany.edu,PHYS211,1,1,93,EE352,2,1,79,CMPEN270,2,1,73
mg8505@nittany.edu,CHEM112,2,1,97,EE340,1,,,EE212,1,1,87
mo1186@nittany.edu,ECON101,2,1,85,EE311,1,1,64,CMPSC311,1,1,74
pw1726@nittany.edu,CMPSC465,2,1,90,CMPEN454,1,,,EE330,1,1,68
lm6031@nittany.edu,CMPEN351,2,1,71,ECON201,1,1,92,ECON102,1,1,99
mj6359@nittany.edu,IST558,2,,,PHYS211,2,1,71,CMPSC448,1,1,62
pc8832@nittany.edu,PHYS213,2,1,97,CMPEN270,2,1,97,CMPEN431,2,1,84
mf8214@nittany.edu,CMPEN351,1,1,73,CHEM111,2,1,78,EE330,1,1,78
jb5052@nittany.edu,MATH230,2,1,94,CMPSC360,1,1,99,CMPSC497,1,,
ma8938@nittany.edu,CSE543,2,1,63,ECON201,2,1,87,MATH230,2,1,98
lf4727@nittany.edu,CHEM112,2,1,91,CMPEN331,1,1,75,CHEM111,1,1,61
jh1874@nittany.edu,EE210,2,1,77,CSE583,1,1,66,CMPSC448,1,1,72
rb6281@nittany.edu,EE210,1,1,89,EE212,2,1,88,CMPEN270,2,1,65
mr5864@nittany.edu,CMPSC465,1,1,75,ECON102,2,1,93,CHEM110,1,1,88
ml6213@nittany.edu,CMPSC431W,2,1,74,ECON102,2,1,91,MATH230,2,1,76
mk7773@nittany.edu,EE330,1,1,88,CHEM112,2,1,93,EE211,2,1,83
nc8172@nittany.edu,CMPSC131,1,1,85,EE320,2,1,60,PHYS211,2,1,70
mj5914@nittany.edu,PHYS212,2,1,95,CMPEN441,1,1,96,MATH230,1,1,99
me2148@nittany.edu,ECON102,2,1,94,EE311,2,1,94,CMPEN454,1,,
mk8847@nittany.edu,MATH140,2,1,88,MATH141,2,1,94,EE340,1,,
my3786@nittany.edu,CMPSC311,1,1,83,CMPSC465,1,1,86,STAT319,1,1,64
jm3669@nittany.edu,ECON201,2,1,66,ECON102,2,1,70,CHEM111,2,1,63
uf7067@nittany.edu,EE210,1,1,85,MATH230,1,1,63,ECON101,1,1,85
mr2575@nittany.edu,ECON102,2,1,82,EE311,1,1,99,MATH231,2,1,63
mb3709@nittany.edu,IST128,1,1,73,CMPEN331,2,1,83,EE340,2,,
jk4409@nittany.edu,EE353,1,1,91,CMPEN441,1,1,82,CHEM111,2,1,69
ys9174@nittany.edu,CMPEN431,2,1,82,EE212,1,1,79,IST558,1,,
rf1538@nittany.edu,ECON201,2,1,95,PHYS214,2,1,64,CMPSC221,1,1,69
no6118@nittany.edu,CHEM110,2,1,75,EE311,2,1,73,PHYS214,1,1,98
lc4994@nittany.edu,EE320,2,1,65,EE210,2,1,97,CSE543,1,1,85
oh8195@nittany.edu,CMPEN351,1,1,98,MATH231,2,1,80,CSE543,1,1,75
jc2471@nittany.edu,CMPSC221,2,1,74,CMPSC132,2,1,68,EE352,2,1,62
mm3162@nittany.edu,CMPSC448,2,1,91,ECON102,1,1,69,EE210,2,1,98
jh7997@nittany.edu,CHEM111,2,1,97,PHYS214,1,1,88,DS120,2,1,87
ik6824@nittany.edu,CSE583,2,1,72,PHYS213,2,1,86,CMPEN351,2,1,69
tk5748@nittany.edu,EE210,1,1,95,STAT319,2,1,92,CMPSC132,1,1,66
ts1830@nittany.edu,CMPSC360,2,1,74,CMPSC497,1,,,EE210,1,1,92
kr6619@nittany.edu,STAT318,2,1,66,IST110,1,1,68,STAT319,1,1,78
rk2653@nittany.edu,CMPEN411,2,1,88,STAT318,1,1,98,STAT319,2,1,61
sg4622@nittany.edu,ECON101,1,1,100,CMPSC221,1,1,87,EE320,2,1,89
jl3236@nittany.edu,ECON101,2,1,83,CMPSC360,2,1,70,PHYS213,2,1,90
kh1826@nittany.edu,PHYS214,1,1,75,EE210,1,1,96,MATH140,1,1,83
me2596@nittany.edu,MATH231,1,1,95,CMPSC497,1,,,EE311,2,1,63
jl9851@nittany.edu,STAT414,1,,,CMPEN270,1,1,64,EE211,1,1,80
sw7724@nittany.edu,MATH231,2,1,64,PHYS212,1,1,74,CSE583,1,1,80
kh5883@nittany.edu,CSE543,2,1,67,PHYS212,1,1,78,CMPSC132,2,1,92
mn2842@nittany.edu,CMPEN331,1,1,77,EE353,1,1,97,PHYS212,2,1,82
mt7911@nittany.edu,CMPSC465,1,1,82,ECON102,2,1,63,CMPSC132,2,1,100
pf6936@nittany.edu,IST128,2,1,65,CMPSC465,2,1,67,CMPEN331,1,1,78
mc8336@nittany.edu,CMPEN441,2,1,100,CMPSC497,2,,,CMPEN362,2,1,81
mv1311@nittany.edu,CHEM112,1,1,97,EE353,2,1,60,MATH231,2,1,68
kk2666@nittany.edu,CMPSC497,1,,,MATH231,2,1,82,CSE583,2,1,60
ok7520@nittany.edu,IST558,2,,,STAT319,2,1,82,ECON201,1,1,95
mt3151@nittany.edu,CHEM111,2,1,61,STAT318,1,1,65,CHEM110,1,1,71
lb8326@nittany.edu,CMPEN441,1,1,66,CSE583,1,1,83,EE352,2,1,70
lh1031@nittany.edu,CMPSC132,1,1,89,CMPSC131,1,1,75,CSE583,1,1,82
mn1239@nittany.edu,PHYS211,2,1,75,CHEM111,1,1,75,PHYS212,2,1,90
ka1472@nittany.edu,CMPSC475,2,1,81,MATH231,1,1,81,EE211,2,1,99
tt1799@nittany.edu,CMPSC131,2,1,67,CMPSC360,2,1,84,CMPSC461,1,1,96
mr5565@nittany.edu,EE311,2,1,83,STAT414,2,,,EE353,1,1,80
ma6036@nittany.edu,DS120,1,1,65,EE210,1,1,63,CMPEN441,2,1,86
mr9406@nittany.edu,CMPEN411,2,1,95,EE212,1,1,78,PHYS211,1,1,70
os4077@nittany.edu,CMPSC131,2,1,93,EE330,2,1,85,MATH141,2,1,90
mi6642@nittany.edu,PHYS213,2,1,66,IST558,1,,,CSE543,2,1,91
mj1523@nittany.edu,CMPEN351,2,1,71,CHEM110,1,1,75,CMPEN270,1,1,96
pw7815@nittany.edu,CMPSC475,2,1,94,CMPSC132,1,1,88,CMPEN411,1,1,100
jo5683@nittany.edu,STAT319,1,1,74,IST128,2,1,73,CMPSC360,1,1,98
kl1348@nittany.edu,CMPSC497,2,,,STAT319,1,1,79,CMPSC461,1,1,72
ns2358@nittany.edu,CMPSC465,1,1,95,PHYS211,2,1,85,STAT415,2,1,90
vr4622@nittany.edu,MATH231,1,1,94,IST558,2,,,IST128,1,1,85
mk1572@nittany.edu,ECON102,1,1,81,STAT318,1,1,82,CMPEN441,2,1,81
ts5040@nittany.edu,IST558,2,,,ECON101,2,1,65,MATH141,1,1,88
mj1117@nittany.edu,ECON101,1,1,91,MATH141,2,1,61,EE340,2,,
kp5214@nittany.edu,STAT415,2,1,66,EE330,2,1,87,MATH141,1,1,93
me4221@nittany.edu,MATH231,2,1,96,CMPSC448,2,1,91,EE311,2,1,72
lh8743@nittany.edu,EE211,2,1,93,CMPSC475,1,1,87,EE353,1,1,63
ka6770@nittany.edu,EE352,2,1,71,DS120,2,1,64,CHEM111,2,1,64
wa5135@nittany.edu,CHEM112,2,1,69,EE211,2,1,90,CMPEN431,2,1,74
la7071@nittany.edu,DS220,2,1,74,STAT318,1,1,75,PHYS212,2,1,60
kl9753@nittany.edu,CHEM110,2,1,80,STAT318,1,1,66,EE211,1,1,75
jh3336@nittany.edu,CMPEN362,1,1,89,EE211,1,1,97,MATH141,2,1,78
sb1972@nittany.edu,IST110,2,1,65,EE211,2,1,71,CMPEN351,2,1,95
kb3574@nittany.edu,MATH230,1,1,64,CMPSC448,1,1,80,CSE583,2,1,86
lv3076@nittany.edu,PHYS211,2,1,66,CMPEN411,2,1,64,STAT415,2,1,100
mt4811@nittany.edu,CMPEN431,2,1,60,PHYS214,2,1,73,EE210,1,1,63
zp7831@nittany.edu,STAT318,1,1,74,CMPSC360,1,1,81,IST128,1,1,93
mr1020@nittany.edu,CMPSC465,2,1,92,EE211,2,1,89,CMPEN351,2,1,73
ws6593@nittany.edu,CMPSC465,2,1,63,STAT318,2,1,84,CMPSC448,2,1,87
lw8769@nittany.edu,PHYS211,2,1,79,EE311,2,1,84,CMPEN270,1,1,73
ms6765@nittany.edu,CHEM112,1,1,61,STAT414,2,,,EE212,2,1,91
mj9606@nittany.edu,IST558,1,,,CHEM112,2,1,79,EE352,1,1,86
jc4011@nittany.edu,ECON101,1,1,87,CMPEN331,1,1,65,CMPSC132,1,1,71
mj5224@nittany.edu,STAT415,1,1,86,CMPSC221,1,1,97,CMPEN454,2,,
jz6925@nittany.edu,CMPEN411,2,1,65,STAT414,2,,,CMPSC461,2,1,97
vo6259@nittany.edu,CSE543,2,1,70,CMPSC497,2,,,CMPEN351,2,1,61
ks3998@nittany.edu,CMPEN362,1,1,62,ECON102,2,1,69,PHYS211,2,1,64
mt3231@nittany.edu,IST558,2,,,CMPSC475,2,1,83,CMPSC132,2,1,73
ws8716@nittany.edu,MATH231,1,1,76,EE311,1,1,65,EE353,2,1,98
md7627@nittany.edu,DS220,1,1,80,CMPEN454,1,,,CMPSC465,1,1,97
th2610@nittany.edu,CSE583,2,1,92,CHEM111,2,1,86,PHYS212,1,1,66
mh8661@nittany.edu,ECON102,1,1,77,CMPEN454,2,,,ECON201,2,1,84
vk8864@nittany.edu,IST558,2,,,EE340,1,,,CMPSC131,1,1,83
mh3437@nittany.edu,EE311,1,1,60,EE212,2,1,100,CMPSC461,1,1,96
ww9231@nittany.edu,PHYS211,2,1,94,CHEM112,1,1,97,CMPSC431W,2,1,60
mk1676@nittany.edu,EE311,1,1,81,STAT318,1,1,79,CMPEN411,2,1,72
ub9586@nittany.edu,MATH141,2,1,66,PHYS212,2,1,67,EE210,1,1,86
lh6961@nittany.edu,STAT415,2,1,74,EE212,1,1,72,PHYS214,1,1,68
kf5693@nittany.edu,IST128,1,1,88,CSE543,1,1,78,ECON102,2,1,100
sb2082@nittany.edu,CHEM112,1,1,80,EE352,1,1,71,CMPSC431W,2,1,71
mn2870@nittany.edu,IST110,2,1,87,CMPSC448,1,1,78,CMPSC311,1,1,95
ug5112@nittany.edu,CMPEN454,1,,,STAT415,1,1,69,CHEM110,2,1,96
tk1529@nittany.edu,EE211,1,1,60,EE311,2,1,99,CHEM110,1,1,79
ib2806@nittany.edu,EE320,1,1,85,STAT318,1,1,75,ECON101,2,1,78
os7226@nittany.edu,PHYS214,2,1,69,CMPSC465,2,1,99,CHEM112,2,1,79
ne9599@nittany.edu,CHEM112,1,1,80,CSE543,2,1,75,ECON101,2,1,93
vg5084@nittany.edu,CMPEN331,2,1,88,EE212,2,1,76,MATH140,1,1,60
mr5670@nittany.edu,CMPSC431W,1,1,64,PHYS211,2,1,74,EE211,2,1,81
km6416@nittany.edu,ECON101,2,1,97,PHYS211,1,1,97,CMPSC311,1,1,63
sj7472@nittany.edu,EE211,1,1,83,DS220,1,1,86,EE340,1,,
wr1679@nittany.edu,EE320,2,1,76,MATH140,2,1,78,CMPSC461,2,1,64
mr8602@nittany.edu,CMPEN351,2,1,81,EE212,1,1,76,MATH231,2,1,90
ma8046@nittany.edu,CMPEN454,2,,,CMPSC475,2,1,77,CMPSC461,2,1,75
mg1007@nittany.edu,EE320,1,1,60,EE210,2,1,90,DS120,1,1,60
lh3004@nittany.edu,STAT415,2,1,97,CMPSC431W,2,1,100,IST128,1,1,67
zr6066@nittany.edu,EE340,1,,,EE352,2,1,99,IST110,1,1,83
jg5906@nittany.edu,MATH141,1,1,75,CMPEN431,2,1,97,CMPEN270,1,1,75
ok5696@nittany.edu,MATH141,2,1,83,CHEM112,2,1,92,EE340,1,,
mw5391@nittany.edu,CMPSC132,1,1,78,STAT319,1,1,74,CMPEN362,2,1,92
sm5970@nittany.edu,CMPSC131,1,1,61,ECON201,1,1,92,CHEM112,1,1,67
mn6897@nittany.edu,CMPEN431,1,1,60,EE340,2,,,IST110,1,1,86
rm8553@nittany.edu,CMPSC311,2,1,92,IST128,2,1,92,CMPSC431W,1,1,83
jl5459@nittany.edu,CMPEN362,2,1,76,EE352,2,1,66,CMPEN270,1,1,66
ml1743@nittany.edu,PHYS213,1,1,79,CSE583,2,1,100,CHEM112,1,1,61
ph1773@nittany.edu,STAT318,2,1,71,EE311,2,1,78,DS220,2,1,97
ma8953@nittany.edu,ECON201,1,1,92,EE210,1,1,99,CMPEN431,1,1,79
pp2997@nittany.edu,CMPSC221,1,1,76,IST558,2,,,MATH140,1,1,97
vk7408@nittany.edu,PHYS212,1,1,90,CHEM112,1,1,63,PHYS211,1,1,95
ro9937@nittany.edu,ECON102,1,1,96,CMPSC475,2,1,89,PHYS213,2,1,63
tf2405@nittany.edu,CMPSC431W,1,1,92,IST110,2,1,86,IST128,1,1,67
pm3642@nittany.edu,CMPSC465,2,1,72,CMPSC431W,2,1,91,CMPSC221,1,1,73
kr9949@nittany.edu,MATH231,2,1,80,CMPEN441,1,1,93,EE352,1,1,75
mt2086@nittany.edu,CMPEN362,1,1,95,PHYS213,1,1,63,CMPSC360,1,1,65
tw6502@nittany.edu,PHYS211,2,1,63,PHYS214,1,1,77,PHYS212,2,1,83
ol7450@nittany.edu,CMPEN270,2,1,73,CMPEN454,1,,,CMPEN411,1,1,92
jw6319@nittany.edu,CMPSC431W,1,1,74,CMPSC475,2,1,81,CMPSC360,2,1,93
ok8829@nittany.edu,EE210,2,1,81,CSE543,1,1,69,ECON102,1,1,89
ps1087@nittany.edu,EE210,1,1,77,STAT414,1,,,CHEM110,2,1,90
mp7952@nittany.edu,CMPEN454,1,,,EE320,1,1,88,EE353,2,1,84
sm5549@nittany.edu,STAT415,2,1,76,EE211,1,1,86,EE311,1,1,60
td2477@nittany.edu,EE210,2,1,97,IST558,2,,,IST128,1,1,90
sm8842@nittany.edu,CMPSC360,2,1,71,PHYS212,1,1,78,EE211,2,1,83
jp5962@nittany.edu,ECON102,2,1,69,DS220,2,1,94,DS120,1,1,84
mg1791@nittany.edu,EE311,2,1,68,CMPSC311,1,1,89,CMPEN441,2,1,61
sg1979@nittany.edu,ECON102,2,1,65,EE340,1,,,EE353,2,1,79
lo3428@nittany.edu,IST128,2,1,63,PHYS211,2,1,84,MATH231,2,1,79
ml7753@nittany.edu,CMPEN454,2,,,CMPEN431,2,1,69,CMPSC448,2,1,78
js3927@nittany.edu,CSE543,2,1,74,IST128,1,1,78,DS220,2,1,86
me9897@nittany.edu,CMPSC221,2,1,96,CMPSC465,1,1,96,EE352,1,1,71
mb5390@nittany.edu,CMPSC431W,2,1,100,CMPEN270,1,1,61,CMPSC131,1,1,100
sg4417@nittany.edu,MATH141,1,1,63,EE353,2,1,96,EE320,2,1,81
lt7103@nittany.edu,CSE583,1,1,100,CMPSC221,2,1,79,CMPSC448,2,1,81
pt3035@nittany.edu,STAT414,2,,,CMPEN454,1,,,EE211,2,1,61
wc1418@nittany.edu,PHYS211,1,1,76,ECON102,1,1,89,EE340,1,,
mm2047@nittany.edu,CMPEN270,1,1,64,CMPEN351,2,1,79,CMPSC461,1,1,85
ma4242@nittany.edu,EE353,2,1,90,PHYS214,2,1,80,MATH231,2,1,98
jn3590@nittany.edu,MATH141,1,1,94,CMPSC475,1,1,63,EE352,2,1,69
mh4972@nittany.edu,CMPSC475,1,1,99,CMPEN270,1,1,60,IST558,2,,
jh3004@nittany.edu,CHEM112,1,1,66,CMPSC311,1,1,99,PHYS211,1,1,93
sp7638@nittany.edu,CMPSC465,2,1,82,CMPSC311,1,1,73,STAT414,1,,
vn4576@nittany.edu,CMPEN441,2,1,84,CMPEN454,2,,,STAT318,2,1,89
mj2446@nittany.edu,CHEM111,2,1,83,ECON201,1,1,77,EE211,1,1,77
mh9005@nittany.edu,CSE543,2,1,79,IST558,2,,,CMPSC360,1,1,73
mp5777@nittany.edu,EE210,1,1,95,STAT415,2,1,67,CMPSC465,1,1,94
mj1886@nittany.edu,MATH141,2,1,75,CMPEN331,2,1,62,STAT319,2,1,61
mp5980@nittany.edu,PHYS211,2,1,88,EE212,1,1,99,CMPSC475,2,1,100
mr7087@nittany.edu,CHEM110,2,1,88,ECON102,1,1,61,CHEM111,2,1,78
kk1267@nittany.edu,EE320,1,1,83,EE353,1,1,72,PHYS212,1,1,67
jm7206@nittany.edu,CMPSC497,1,,,STAT414,1,,,CMPEN270,2,1,93
mm8916@nittany.edu,EE212,1,1,70,CMPEN351,1,1,79,PHYS211,2,1,94
jr1301@nittany.edu,CHEM111,1,1,71,PHYS211,2,1,89,EE311,1,1,70
rq8420@nittany.edu,CMPEN362,1,1,65,MATH141,2,1,84,PHYS212,2,1,69
tf8025@nittany.edu,CMPSC221,1,1,62,CHEM110,1,1,65,STAT415,1,1,90
ob6043@nittany.edu,IST558,1,,,EE311,2,1,78,STAT319,1,1,60
jd3188@nittany.edu,PHYS214,2,1,96,CMPSC431W,1,1,67,PHYS212,1,1,91
nb5135@nittany.edu,CMPEN454,2,,,EE330,1,1,85,IST110,1,1,93
js4888@nittany.edu,STAT415,2,1,91,EE353,2,1,63,EE210,1,1,98
mt1283@nittany.edu,STAT415,2,1,81,CMPSC431W,2,1,98,CMPSC131,1,1,76
tb4699@nittany.edu,EE353,1,1,88,CHEM111,2,1,62,CSE543,1,1,62
jf5072@nittany.edu,EE340,2,,,EE311,1,1,82,STAT318,1,1,80
mj8109@nittany.edu,EE352,1,1,63,MATH231,2,1,89,CSE583,1,1,64
sl8096@nittany.edu,CHEM110,2,1,81,ECON102,1,1,78,CMPEN362,2,1,83
wg1476@nittany.edu,IST128,2,1,72,DS220,1,1,97,CMPSC221,2,1,67
lb1184@nittany.edu,STAT319,1,1,81,IST558,2,,,CMPEN362,1,1,90
kw1043@nittany.edu,CMPEN411,2,1,69,CSE543,1,1,92,CSE583,2,1,100
ld4137@nittany.edu,CMPSC431W,2,1,87,CMPEN362,1,1,73,IST110,1,1,82
nb2686@nittany.edu,CMPEN411,1,1,94,STAT415,1,1,74,CMPEN441,2,1,60
rk8121@nittany.edu,EE320,2,1,100,CMPSC132,2,1,74,CMPSC448,1,1,74
vp6083@nittany.edu,DS120,1,1,90,STAT415,2,1,74,CHEM111,1,1,61
mb7672@nittany.edu,MATH140,2,1,68,IST128,2,1,77,CMPEN331,2,1,87
rh9618@nittany.edu,EE352,1,1,72,EE340,1,,,CMPEN441,2,1,95
lw7685@nittany.edu,MATH230,2,1,61,CMPEN431,2,1,72,CSE583,1,1,85
me6698@nittany.edu,STAT415,2,1,71,EE210,2,1,93,EE211,1,1,75
mp7693@nittany.edu,CMPSC465,1,1,92,CMPEN331,2,1,88,CSE583,2,1,77
us6442@nittany.edu,CMPSC475,2,1,89,CMPSC360,2,1,73,MATH140,1,1,80
ma9983@nittany.edu,MATH140,2,1,84,ECON101,1,1,76,IST128,1,1,89
mk7105@nittany.edu,CMPSC132,1,1,70,EE311,2,1,96,IST128,1,1,62
ma3822@nittany.edu,MATH141,2,1,61,CMPSC497,1,,,ECON201,2,1,66
vy1999@nittany.edu,STAT319,2,1,92,PHYS213,1,1,79,IST558,2,,
lw8160@nittany.edu,EE311,2,1,91,CSE543,2,1,94,ECON102,1,1,96
nm4783@nittany.edu,IST558,1,,,CMPSC475,2,1,79,CMPEN431,1,1,79
nb4212@nittany.edu,STAT319,2,1,87,CHEM110,2,1,93,EE320,2,1,99
ms9882@nittany.edu,EE340,2,,,CMPEN331,2,1,73,EE352,1,1,74
mk2377@nittany.edu,CMPSC448,1,1,77,CMPSC461,2,1,66,CMPSC360,1,1,75
rw1366@nittany.edu,ECON102,2,1,93,ECON101,1,1,63,DS120,1,1,87
mr5319@nittany.edu,CMPEN441,1,1,79,PHYS214,2,1,68,STAT319,1,1,91
kz9097@nittany.edu,IST110,2,1,81,CMPSC131,2,1,73,EE211,2,1,83
ml7288@nittany.edu,IST128,1,1,94,CMPSC131,1,1,98,PHYS213,1,1,89
jd5932@nittany.edu,CMPSC311,1,1,72,CHEM111,1,1,78,CHEM112,1,1,74
lk1182@nittany.edu,EE210,1,1,82,EE340,1,,,STAT319,2,1,86
jk1331@nittany.edu,EE353,1,1,89,MATH230,1,1,74,EE211,1,1,63
jw9436@nittany.edu,STAT415,2,1,71,MATH140,2,1,95,EE330,1,1,79
zw5425@nittany.edu,CMPEN454,2,,,STAT415,2,1,61,IST110,2,1,99
jk5021@nittany.edu,CMPSC465,1,1,93,CMPSC360,1,1,69,CMPEN270,1,1,68
mn1003@nittany.edu,EE311,2,1,89,CMPEN411,2,1,67,IST128,1,1,89
ph8799@nittany.edu,EE311,1,1,63,PHYS211,1,1,98,STAT319,2,1,86
jl8774@nittany.edu,CMPEN351,1,1,66,CSE583,2,1,80,CMPEN331,1,1,69
mj7408@nittany.edu,CMPEN351,2,1,83,CMPEN454,2,,,CMPSC448,2,1,99
ns6501@nittany.edu,CSE543,1,1,60,IST558,2,,,CMPEN431,1,1,94
lr5589@nittany.edu,EE311,2,1,89,EE330,2,1,67,CMPEN270,1,1,78
me5409@nittany.edu,CMPSC431W,1,1,94,EE212,1,1,100,CMPSC131,1,1,78
mc9096@nittany.edu,CHEM110,2,1,88,EE210,1,1,66,CMPSC497,2,,
jk4116@nittany.edu,CHEM110,1,1,75,CMPSC131,1,1,83,ECON102,2,1,74
kb9285@nittany.edu,STAT414,2,,,DS120,2,1,90,EE212,1,1,60
kq6968@nittany.edu,MATH231,1,1,86,STAT415,2,1,66,CMPEN441,2,1,84
mj6957@nittany.edu,CMPEN454,2,,,STAT414,2,,,IST128,2,1,98
tp4444@nittany.edu,CMPSC221,1,1,78,STAT415,2,1,84,DS120,1,1,95
me6706@nittany.edu,CMPEN270,1,1,63,STAT415,2,1,72,EE212,1,1,76
kb8171@nittany.edu,IST110,2,1,71,CMPSC132,2,1,98,CMPSC475,2,1,96
sr6321@nittany.edu,EE210,1,1,93,DS220,2,1,68,CMPSC475,1,1,62
jh1737@nittany.edu,STAT319,2,1,87,MATH231,1,1,79,DS120,2,1,94
sp1616@nittany.edu,CSE583,2,1,89,CMPSC448,2,1,92,PHYS211,2,1,65
pm4249@nittany.edu,MATH140,1,1,100,CMPEN441,2,1,90,STAT318,1,1,60
tl1139@nittany.edu,DS220,2,1,84,STAT319,1,1,99,IST558,1,,
im1645@nittany.edu,CMPSC475,2,1,72,CMPSC497,1,,,MATH230,2,1,99
sd6073@nittany.edu,CMPEN351,2,1,71,EE320,2,1,71,MATH140,1,1,64
po7371@nittany.edu,CMPSC448,1,1,100,STAT415,1,1,99,MATH230,1,1,69
wo4044@nittany.edu,CMPSC465,1,1,84,EE311,2,1,72,DS120,2,1,70
mc4662@nittany.edu,ECON201,1,1,63,MATH141,1,1,81,MATH231,1,1,81
mm9624@nittany.edu,CHEM110,2,1,61,CMPEN454,2,,,PHYS211,1,1,66
nb6183@nittany.edu,CMPSC475,1,1,72,CMPEN331,2,1,75,CSE583,2,1,67
mm4674@nittany.edu,EE353,1,1,70,MATH141,2,1,79,MATH231,2,1,87
vh5298@nittany.edu,EE210,2,1,90,STAT319,1,1,60,CHEM110,1,1,72
mi2648@nittany.edu,CMPSC465,2,1,69,DS120,2,1,86,PHYS213,2,1,82
js3229@nittany.edu,CMPEN331,2,1,72,MATH140,2,1,67,EE352,1,1,76
mt2801@nittany.edu,EE210,1,1,95,STAT319,1,1,62,STAT415,1,1,75
oh9599@nittany.edu,EE330,2,1,99,EE352,2,1,97,ECON102,1,1,83
jb9306@nittany.edu,CHEM112,2,1,82,CMPSC311,1,1,69,EE212,1,1,60
jc1462@nittany.edu,CMPSC431W,2,1,83,STAT318,1,1,63,PHYS211,2,1,98
ks1926@nittany.edu,CMPSC311,2,1,74,CMPSC131,1,1,94,DS220,2,1,68
sb5646@nittany.edu,CMPEN362,2,1,80,EE330,1,1,98,CMPSC461,1,1,77
mr3116@nittany.edu,CHEM111,2,1,97,CMPEN454,2,,,CMPEN351,1,1,99
sn9491@nittany.edu,EE311,2,1,95,CMPEN351,1,1,65,CMPSC131,1,1,100
mg7684@nittany.edu,CHEM111,1,1,94,CMPSC497,2,,,STAT414,1,,
or2228@nittany.edu,STAT414,1,,,CMPEN411,2,1,64,STAT319,1,1,60
md6611@nittany.edu,CMPEN331,1,1,98,MATH140,1,1,89,CMPSC497,1,,
jk4027@nittany.edu,DS120,1,1,72,DS220,2,1,91,CMPSC221,1,1,89
kd4323@nittany.edu,CMPSC475,2,1,65,CMPSC132,1,1,69,DS120,1,1,75
mo4621@nittany.edu,STAT319,1,1,96,CHEM111,1,1,88,CMPSC360,2,1,97
mg4093@nittany.edu,CSE543,1,1,65,PHYS211,1,1,89,STAT319,2,1,86
nm3617@nittany.edu,STAT414,2,,,PHYS212,1,1,96,CMPSC475,2,1,99
sr9640@nittany.edu,EE330,1,1,73,CMPEN431,2,1,86,EE352,2,1,93
mw6081@nittany.edu,CSE583,2,1,66,STAT319,1,1,92,EE340,1,,
lt8326@nittany.edu,PHYS211,1,1,88,ECON102,2,1,76,EE320,2,1,80
mb8575@nittany.edu,CMPSC497,2,,,STAT318,2,1,77,CMPEN431,2,1,66
sc6597@nittany.edu,CMPEN431,1,1,88,CMPSC311,1,1,63,IST128,1,1,96
ma8535@nittany.edu,CMPEN331,1,1,100,ECON101,2,1,62,CMPEN454,1,,
mb5410@nittany.edu,MATH141,2,1,78,CMPEN441,1,1,82,MATH140,1,1,72
tb1810@nittany.edu,EE210,2,1,62,CMPSC465,1,1,95,IST558,1,,
jg7835@nittany.edu,CMPEN454,1,,,MATH141,2,1,100,PHYS212,1,1,67
yc8409@nittany.edu,DS220,1,1,90,MATH230,2,1,69,MATH140,2,1,86
nl1189@nittany.edu,CMPSC465,2,1,74,IST558,2,,,EE212,1,1,94
mg8396@nittany.edu,CMPSC475,2,1,100,DS220,1,1,65,ECON102,1,1,93
ta4214@nittany.edu,EE340,2,,,PHYS212,2,1,96,CMPSC132,1,1,83
jc9373@nittany.edu,PHYS211,1,1,93,CMPEN270,2,1,67,CHEM110,1,1,93
mr3131@nittany.edu,EE210,1,1,98,ECON101,2,1,99,CMPSC311,1,1,84
mj9296@nittany.edu,EE212,2,1,80,CMPSC475,1,1,96,EE352,2,1,87
lm8503@nittany.edu,CMPSC131,2,1,74,CMPEN411,2,1,92,CMPSC465,2,1,86
mt6337@nittany.edu,ECON201,2,1,87,CHEM112,2,1,84,CMPEN331,1,1,100
mo2344@nittany.edu,ECON201,2,1,78,CMPSC131,2,1,87,ECON101,2,1,80
ml8317@nittany.edu,MATH141,1,1,91,IST128,1,1,68,CMPSC465,1,1,92
mg7641@nittany.edu,CMPEN362,1,1,63,CMPEN351,1,1,86,CHEM112,2,1,75
ll6444@nittany.edu,MATH141,1,1,63,MATH140,1,1,67,DS120,2,1,68
md1308@nittany.edu,CMPEN362,1,1,83,CMPSC461,1,1,74,CMPSC311,2,1,89
jd5592@nittany.edu,CMPSC360,2,1,72,CMPSC448,1,1,79,EE320,2,1,79
sk9053@nittany.edu,MATH141,1,1,62,CMPSC448,1,1,91,CHEM112,2,1,84
mt1262@nittany.edu,CHEM110,2,1,62,STAT319,1,1,74,EE320,1,1,94
mm6682@nittany.edu,CMPSC131,2,1,65,CMPEN441,1,1,67,CMPEN270,2,1,70
nw3340@nittany.edu,IST558,1,,,CHEM111,1,1,91,CMPEN331,2,1,63
td2308@nittany.edu,CMPSC431W,2,1,89,EE352,1,1,91,IST128,2,1,89
jw3297@nittany.edu,CMPSC497,1,,,PHYS213,1,1,66,STAT415,2,1,73
sp1402@nittany.edu,CMPSC221,1,1,86,PHYS214,2,1,76,EE330,1,1,71
ml5796@nittany.edu,MATH141,1,1,86,EE330,2,1,85,CMPSC448,1,1,99
kc1302@nittany.edu,DS120,2,1,71,CMPEN441,2,1,100,ECON101,2,1,88
ld9084@nittany.edu,CHEM112,2,1,76,CMPSC132,1,1,68,IST558,2,,
oc9232@nittany.edu,IST128,2,1,79,EE311,2,1,67,MATH141,2,1,82
ma9716@nittany.edu,EE340,1,,,CMPSC431W,1,1,85,EE330,2,1,88
jh2181@nittany.edu,MATH231,1,1,87,IST558,1,,,MATH140,2,1,78
md7018@nittany.edu,CMPEN454,1,,,STAT415,2,1,88,CMPEN270,1,1,72
rm1496@nittany.edu,CMPEN454,2,,,CMPSC465,2,1,93,DS220,2,1,61
og7528@nittany.edu,CMPSC475,1,1,99,EE210,1,1,90,ECON101,2,1,83
ma8013@nittany.edu,CMPEN351,2,1,71,IST110,2,1,89,ECON201,1,1,85
kk5103@nittany.edu,CMPEN411,2,1,94,STAT319,2,1,75,CMPSC360,2,1,71
jj6204@nittany.edu,CHEM111,1,1,78,EE340,1,,,STAT414,1,,
lh7203@nittany.edu,CMPEN431,1,1,83,PHYS214,2,1,66,MATH141,2,1,89
lr4974@nittany.edu,EE330,2,1,61,ECON201,2,1,68,EE352,1,1,90
rr1861@nittany.edu,EE340,2,,,STAT319,1,1,88,STAT414,2,,
xb9185@nittany.edu,CMPSC221,1,1,93,PHYS212,1,1,93,CMPSC461,2,1,73
mb2685@nittany.edu,STAT319,1,1,70,CMPSC497,2,,,CMPSC221,1,1,83
ms6799@nittany.edu,PHYS214,2,1,81,CMPSC431W,2,1,89,CMPEN441,2,1,93
lm1111@nittany.edu,EE353,2,1,94,CHEM111,1,1,75,PHYS212,2,1,79
ja2479@nittany.edu,EE212,2,1,91,IST110,1,1,71,EE352,2,1,61
zo2385@nittany.edu,EE320,2,1,82,CMPSC221,2,1,94,CMPSC475,1,1,94
lr8600@nittany.edu,EE212,1,1,66,IST110,1,1,72,CMPSC221,2,1,66
kt2960@nittany.edu,ECON102,1,1,64,EE353,1,1,76,EE210,1,1,98
lh7173@nittany.edu,CMPSC448,1,1,85,STAT318,1,1,92,CHEM110,1,1,93
mj8696@nittany.edu,CMPEN270,2,1,64,ECON201,1,1,89,MATH141,1,1,81
mo9119@nittany.edu,CHEM112,1,1,66,CSE583,2,1,72,PHYS213,2,1,61
mr4981@nittany.edu,STAT319,1,1,85,CMPSC221,2,1,90,CMPSC461,1,1,85
rr3451@nittany.edu,CMPEN411,1,1,82,IST558,2,,,IST128,1,1,74
se2637@nittany.edu,EE211,2,1,70,DS120,2,1,98,CMPEN270,2,1,92
jm7044@nittany.edu,MATH231,1,1,89,PHYS211,2,1,97,IST558,1,,
zg1956@nittany.edu,DS220,2,1,61,CHEM110,1,1,74,IST110,2,1,78
mt7486@nittany.edu,CHEM112,1,1,67,MATH231,1,1,84,DS220,2,1,81
kh5965@nittany.edu,DS220,1,1,91,CMPSC475,2,1,90,CSE583,2,1,92
rt4621@nittany.edu,CMPSC132,1,1,94,EE311,2,1,95,CHEM112,1,1,86
jr8895@nittany.edu,CMPEN454,1,,,CMPEN411,2,1,70,CMPSC131,1,1,74
mc3632@nittany.edu,EE311,1,1,94,CHEM112,1,1,62,CMPEN270,2,1,99
oc9673@nittany.edu,ECON201,2,1,89,CMPSC497,2,,,STAT319,1,1,70
pp1292@nittany.edu,CMPSC132,2,1,87,STAT318,1,1,86,ECON102,1,1,69
sr8161@nittany.edu,MATH141,1,1,99,EE352,1,1,76,CMPEN331,2,1,66
mb3501@nittany.edu,PHYS214,2,1,96,EE340,2,,,ECON101,2,1,62
mt2330@nittany.edu,EE211,2,1,79,EE352,2,1,99,EE210,1,1,75
ss2791@nittany.edu,EE210,2,1,75,CMPEN351,1,1,62,MATH140,2,1,73
lt1060@nittany.edu,ECON201,1,1,88,CMPSC431W,1,1,74,DS120,1,1,76
mm9332@nittany.edu,STAT318,2,1,66,CMPSC497,1,,,DS220,2,1,79
mk2051@nittany.edu,CMPSC311,1,1,64,EE330,1,1,97,EE353,1,1,99
jk9270@nittany.edu,CSE583,1,1,99,MATH141,1,1,90,STAT415,1,1,71
lc9556@nittany.edu,CMPSC131,2,1,63,CMPSC497,2,,,CMPSC475,1,1,61
js1332@nittany.edu,MATH231,1,1,89,STAT318,2,1,80,PHYS212,2,1,62
ss5447@nittany.edu,MATH140,2,1,67,ECON101,1,1,68,STAT415,1,1,81
ma2722@nittany.edu,PHYS213,2,1,100,PHYS211,2,1,68,DS220,1,1,90
sw9710@nittany.edu,CHEM111,1,1,77,CMPSC132,1,1,60,CMPEN411,2,1,74
sm6158@nittany.edu,DS120,2,1,87,EE311,2,1,68,CMPEN331,1,1,89
ml5064@nittany.edu,EE340,1,,,STAT318,1,1,64,CHEM110,2,1,94
kh1154@nittany.edu,ECON101,2,1,71,MATH230,2,1,83,EE212,2,1,65
kt5956@nittany.edu,CMPSC497,2,,,CMPSC475,1,1,96,PHYS214,1,1,70
kr9918@nittany.edu,CHEM112,1,1,87,IST558,2,,,EE212,2,1,68
ko8925@nittany.edu,PHYS213,2,1,63,CMPSC360,2,1,64,CSE583,2,1,76
mf6881@nittany.edu,CMPSC311,2,1,63,CMPSC431W,1,1,68,MATH231,1,1,70
mk4451@nittany.edu,IST128,2,1,63,CHEM110,2,1,72,CSE583,2,1,70
sm5255@nittany.edu,ECON102,2,1,88,MATH231,2,1,88,CMPEN411,1,1,95
rb2832@nittany.edu,CMPSC132,1,1,93,CMPEN362,1,1,79,ECON102,2,1,71
jr3224@nittany.edu,EE330,1,1,73,ECON101,1,1,64,STAT318,1,1,80
kt2050@nittany.edu,EE352,1,1,77,CMPEN270,1,1,85,CSE583,1,1,94
wd2661@nittany.edu,CHEM112,2,1,84,CHEM110,2,1,95,EE330,2,1,83
rf1975@nittany.edu,CMPSC311,1,1,65,EE311,1,1,64,STAT318,1,1,74
mn9410@nittany.edu,CMPEN351,2,1,90,CMPSC475,2,1,100,PHYS213,1,1,76
sr4229@nittany.edu,CMPEN270,2,1,61,EE211,2,1,71,DS120,2,1,70
tm5315@nittany.edu,ECON201,2,1,85,STAT414,1,,,IST110,1,1,87
ls2077@nittany.edu,DS220,1,1,99,PHYS214,2,1,74,EE211,1,1,87
rr4724@nittany.edu,IST110,2,1,99,CMPSC311,2,1,61,STAT318,1,1,89
qj6035@nittany.edu,CMPSC461,1,1,66,PHYS214,1,1,62,CMPSC448,2,1,81
jp6334@nittany.edu,ECON101,1,1,90,EE311,2,1,85,MATH140,1,1,73
ms6805@nittany.edu,STAT318,2,1,86,CHEM112,1,1,60,CMPEN431,1,1,63
sm4829@nittany.edu,CMPEN270,2,1,100,STAT318,1,1,72,CMPEN441,2,1,77
mp8264@nittany.edu,CMPSC311,2,1,98,CMPEN270,2,1,66,PHYS212,1,1,87
md9837@nittany.edu,CMPEN411,1,1,86,MATH140,2,1,71,CSE543,1,1,66
mc9587@nittany.edu,STAT319,2,1,86,DS120,1,1,68,EE352,2,1,90
wa5127@nittany.edu,CMPEN351,2,1,67,CMPEN270,1,1,69,EE212,1,1,60
mp8748@nittany.edu,CMPSC360,1,1,85,CMPEN431,2,1,60,MATH231,1,1,99
vl5929@nittany.edu,CMPSC497,1,,,CMPSC448,2,1,66,EE211,1,1,64
md8760@nittany.edu,CMPEN362,1,1,81,CMPSC497,2,,,PHYS214,2,1,87
rh1754@nittany.edu,EE211,1,1,63,CHEM111,1,1,63,CMPSC360,1,1,60
mc2699@nittany.edu,CHEM112,2,1,63,CMPEN362,2,1,67,CMPSC311,2,1,67
jh9891@nittany.edu,EE212,1,1,90,CSE583,1,1,71,PHYS214,2,1,79
iv6531@nittany.edu,CMPEN362,1,1,83,CSE583,2,1,75,CMPSC465,1,1,62
ir2135@nittany.edu,PHYS211,1,1,63,EE311,1,1,98,ECON201,2,1,97
mr1874@nittany.edu,CHEM110,2,1,78,CMPEN441,2,1,64,ECON102,2,1,100
rr7213@nittany.edu,CMPSC448,2,1,86,MATH140,1,1,90,CMPEN431,1,1,97
rh6801@nittany.edu,EE353,2,1,94,CSE583,1,1,97,CMPEN454,1,,
mj1770@nittany.edu,DS120,2,1,79,CHEM111,1,1,92,CHEM110,1,1,76
mm6107@nittany.edu,ECON201,1,1,97,STAT319,1,1,95,CMPEN441,1,1,92
ma4550@nittany.edu,CMPEN331,2,1,75,CMPSC132,2,1,93,ECON101,1,1,63
jm2995@nittany.edu,EE340,2,,,CHEM111,2,1,65,ECON102,2,1,60
mz7054@nittany.edu,CMPEN362,1,1,78,CMPSC448,2,1,77,STAT318,2,1,84
km3504@nittany.edu,CHEM110,1,1,95,CMPSC431W,1,1,89,EE212,1,1,90
om9683@nittany.edu,CMPSC221,2,1,86,ECON102,2,1,74,EE352,1,1,66
jm6846@nittany.edu,MATH230,2,1,83,CMPSC132,2,1,85,ECON102,1,1,73
jk4828@nittany.edu,CMPEN431,1,1,92,CMPEN362,2,1,70,CMPEN270,2,1,67
rl4225@nittany.edu,CMPEN362,2,1,63,CMPEN351,1,1,81,ECON201,2,1,87
mg8599@nittany.edu,IST128,2,1,72,CHEM111,1,1,63,ECON102,1,1,63
lb9630@nittany.edu,DS120,2,1,60,CSE543,1,1,100,CMPSC311,2,1,98
pp1200@nittany.edu,PHYS211,2,1,63,CMPSC475,1,1,61,EE340,1,,
sw4720@nittany.edu,CSE583,1,1,69,STAT415,2,1,65,STAT319,2,1,65
lm1801@nittany.edu,DS220,2,1,70,CSE543,1,1,86,MATH230,2,1,60
mh9954@nittany.edu,EE211,1,1,89,CMPSC475,1,1,84,PHYS213,1,1,81
kw1386@nittany.edu,CMPSC311,2,1,75,CMPEN454,1,,,EE330,1,1,84
pa6499@nittany.edu,IST558,2,,,CHEM110,1,1,64,ECON101,1,1,76
sw3767@nittany.edu,EE211,2,1,82,CMPEN331,2,1,74,EE352,2,1,95
rl7115@nittany.edu,IST110,2,1,63,CMPSC132,2,1,64,CMPEN331,1,1,86
sb4094@nittany.edu,EE211,1,1,93,CSE543,1,1,85,EE352,2,1,62
lm3612@nittany.edu,MATH141,1,1,66,EE330,2,1,69,CSE543,2,1,83
mm7898@nittany.edu,STAT319,2,1,64,CMPSC461,2,1,68,DS220,1,1,78
sd7475@nittany.edu,EE340,1,,,STAT319,1,1,100,CMPSC360,2,1,95
mz3667@nittany.edu,CHEM110,2,1,73,CSE543,2,1,97,EE330,1,1,98
mo1767@nittany.edu,CSE583,1,1,61,MATH230,1,1,72,PHYS213,1,1,94
ms1481@nittany.edu,ECON101,2,1,81,STAT414,1,,,EE320,1,1,88
wr2752@nittany.edu,DS120,2,1,79,EE320,2,1,87,CMPEN362,1,1,77
ou9392@nittany.edu,MATH141,1,1,84,CMPSC221,1,1,67,CMPEN331,1,1,73
ml9111@nittany.edu,DS220,2,1,86,EE211,2,1,82,PHYS213,1,1,85
lh5555@nittany.edu,ECON102,1,1,74,CMPSC448,1,1,94,MATH140,2,1,93
rs3074@nittany.edu,CMPEN411,1,1,77,STAT319,2,1,97,CMPEN331,1,1,91
mb2986@nittany.edu,STAT319,2,1,77,EE353,2,1,87,MATH141,2,1,87
mh2194@nittany.edu,DS120,2,1,63,CMPEN351,1,1,96,CMPEN270,2,1,61
sg9224@nittany.edu,ECON201,2,1,79,EE210,2,1,65,CMPSC131,1,1,61
sl9147@nittany.edu,CHEM111,2,1,73,CMPSC465,2,1,67,CSE583,1,1,94
tz1637@nittany.edu,EE352,2,1,97,CMPSC131,2,1,92,PHYS211,1,1,80
bk5477@nittany.edu,ECON102,1,1,71,CMPEN454,2,,,CMPEN411,2,1,60
af2362@nittany.edu,EE211,2,1,97,CMPSC360,2,1,93,MATH231,2,1,66
at5855@nittany.edu,DS120,2,1,70,STAT414,2,,,CMPSC475,1,1,92
bb2708@nittany.edu,CMPEN441,1,1,61,CMPSC461,1,1,99,CHEM112,2,1,81
ab1769@nittany.edu,DS220,1,1,70,CMPSC461,1,1,67,CMPSC132,1,1,99
as5959@nittany.edu,EE352,2,1,88,CMPEN431,2,1,73,EE330,2,1,65
as3517@nittany.edu,EE353,1,1,73,CMPSC475,2,1,71,PHYS214,2,1,67
am9248@nittany.edu,CHEM110,1,1,95,EE330,1,1,74,CSE543,1,1,72
ab2069@nittany.edu,EE353,2,1,97,DS120,1,1,72,EE320,2,1,84
ab3353@nittany.edu,IST110,1,1,68,DS120,1,1,85,CMPSC448,1,1,67
ag4144@nittany.edu,MATH231,1,1,67,DS220,2,1,71,CHEM112,1,1,90
ae4536@nittany.edu,CMPSC497,1,,,STAT319,1,1,80,CMPEN454,2,,
as6603@nittany.edu,CSE583,2,1,92,PHYS212,1,1,79,CMPEN351,2,1,90
as6904@nittany.edu,DS220,1,1,79,CMPEN362,1,1,94,ECON101,2,1,69
ah4627@nittany.edu,IST128,2,1,75,IST110,1,1,84,CMPSC132,1,1,80
ac6117@nittany.edu,CSE583,2,1,81,CMPEN441,2,1,71,CMPSC461,1,1,98
bs3099@nittany.edu,CMPSC431W,2,1,69,CSE583,2,1,69,IST128,1,1,91
ar5750@nittany.edu,CMPEN454,1,,,CMPSC131,2,1,72,CMPEN270,1,1,64
bk4164@nittany.edu,ECON101,2,1,70,CMPEN270,1,1,88,STAT414,2,,
ah1893@nittany.edu,CMPEN351,2,1,99,PHYS213,1,1,93,EE311,1,1,86
as4372@nittany.edu,CMPEN362,1,1,74,EE330,1,1,87,DS220,1,1,96
ah8649@nittany.edu,MATH140,1,1,78,CMPEN411,2,1,66,CMPSC497,2,,
bl7521@nittany.edu,PHYS213,2,1,65,STAT318,1,1,87,EE353,1,1,85
bp1701@nittany.edu,CMPEN270,2,1,93,CMPSC461,2,1,85,IST558,2,,
ah2132@nittany.edu,CMPEN411,2,1,100,STAT414,1,,,CMPSC497,2,,
aw9070@nittany.edu,CMPEN351,1,1,99,MATH140,1,1,80,STAT415,2,1,85
ap7012@nittany.edu,CHEM111,1,1,67,DS220,1,1,92,EE210,2,1,99
aw1897@nittany.edu,CMPEN351,1,1,66,EE311,1,1,86,STAT414,1,,
ab3016@nittany.edu,MATH141,1,1,65,CMPEN411,2,1,76,MATH230,2,1,82
as7706@nittany.edu,EE212,2,1,79,CMPEN351,1,1,72,CMPEN362,1,1,93
aw2413@nittany.edu,ECON102,2,1,74,CMPSC360,1,1,67,EE353,2,1,64
ab4636@nittany.edu,CMPSC311,2,1,61,STAT414,1,,,STAT318,2,1,70
ay6012@nittany.edu,EE211,1,1,62,ECON101,2,1,78,CMPEN411,2,1,95
am1296@nittany.edu,PHYS213,1,1,88,CMPSC461,2,1,74,DS120,2,1,64
co9856@nittany.edu,CMPSC431W,1,1,88,CMPSC131,2,1,86,CMPEN411,1,1,78
bg1874@nittany.edu,ECON201,1,1,91,IST558,2,,,CMPEN331,2,1,95
cz9116@nittany.edu,CMPEN454,1,,,CMPSC311,1,1,87,CMPEN362,1,1,86
ch1256@nittany.edu,CMPEN454,2,,,CMPSC461,1,1,88,PHYS213,1,1,67
am2658@nittany.edu,MATH140,2,1,81,CMPEN454,2,,,IST558,1,,
cg4965@nittany.edu,CMPSC221,1,1,73,CMPEN331,1,1,65,EE353,1,1,81
ch2187@nittany.edu,CMPSC131,1,1,98,CMPSC132,2,1,79,EE311,2,1,89
cd3328@nittany.edu,EE352,2,1,92,CSE583,1,1,66,CMPSC461,1,1,77
bb2169@nittany.edu,PHYS214,1,1,83,CMPSC465,2,1,75,CSE583,1,1,76
aj2734@nittany.edu,CMPSC461,2,1,99,CMPEN270,1,1,65,MATH141,2,1,92
cs3661@nittany.edu,EE212,1,1,95,EE311,2,1,63,CMPSC132,1,1,99
al7553@nittany.edu,CHEM110,2,1,63,CMPSC461,2,1,88,EE212,2,1,82
dg3029@nittany.edu,CMPSC311,1,1,91,MATH140,2,1,93,CMPSC431W,1,1,85
aw5441@nittany.edu,PHYS214,2,1,92,ECON201,2,1,82,CMPSC448,2,1,79
br5296@nittany.edu,EE212,2,1,75,STAT415,2,1,82,CMPSC132,1,1,95
cb8478@nittany.edu,MATH231,1,1,96,CMPEN454,1,,,EE211,1,1,90
dh5107@nittany.edu,MATH140,1,1,70,CHEM112,1,1,80,CHEM110,1,1,79
bp7844@nittany.edu,CMPEN441,2,1,71,CMPSC132,1,1,64,MATH140,2,1,66
cg4094@nittany.edu,CMPEN351,1,1,94,EE340,1,,,CMPEN270,1,1,92
co3033@nittany.edu,CMPSC132,2,1,89,MATH230,2,1,66,CMPSC131,1,1,96
dk6748@nittany.edu,IST558,1,,,IST128,2,1,82,CMPEN331,1,1,88
ag2003@nittany.edu,ECON102,1,1,76,CMPEN431,2,1,73,CSE583,2,1,85
bh9149@nittany.edu,CMPEN411,2,1,72,CMPSC131,1,1,91,CMPSC221,1,1,76
as3353@nittany.edu,CMPSC132,1,1,65,CMPSC448,1,1,83,CSE583,1,1,67
bk6824@nittany.edu,CSE583,2,1,69,PHYS214,2,1,60,STAT319,1,1,99
ds4127@nittany.edu,MATH230,2,1,80,CSE543,1,1,76,CMPEN441,2,1,68
ac5862@nittany.edu,IST110,1,1,72,CMPEN441,1,1,73,CMPSC465,2,1,76
ck2097@nittany.edu,STAT415,2,1,97,CSE583,1,1,83,EE353,2,1,88
cf2840@nittany.edu,STAT415,1,1,66,CHEM111,1,1,63,CMPSC448,2,1,66
br8852@nittany.edu,CMPSC497,1,,,DS220,2,1,74,IST558,1,,
cr7454@nittany.edu,CMPEN441,1,1,82,CHEM110,1,1,61,MATH230,2,1,92
ch9754@nittany.edu,CHEM111,2,1,97,MATH141,1,1,91,MATH230,2,1,80
dh6358@nittany.edu,PHYS211,1,1,80,CMPEN441,1,1,64,CMPSC475,1,1,80
bj2880@nittany.edu,EE320,1,1,76,STAT319,1,1,79,IST110,1,1,76
ch3297@nittany.edu,CHEM112,2,1,69,DS220,2,1,75,MATH140,1,1,68
ak5096@nittany.edu,MATH140,1,1,85,CMPSC465,2,1,77,EE330,2,1,82
ag1594@nittany.edu,CMPEN331,1,1,68,MATH231,1,1,95,CMPEN270,2,1,89
bb3021@nittany.edu,CMPSC475,2,1,69,CSE543,2,1,84,CMPSC131,1,1,61
aw8623@nittany.edu,MATH231,2,1,79,PHYS214,1,1,65,PHYS211,2,1,86
cr5283@nittany.edu,CMPSC132,2,1,74,CMPSC131,2,1,62,CMPEN431,1,1,81
cn5833@nittany.edu,CMPSC132,1,1,76,STAT415,1,1,100,ECON201,2,1,73
bm9506@nittany.edu,ECON102,2,1,90,PHYS214,2,1,88,STAT415,1,1,60
cr7460@nittany.edu,ECON102,2,1,68,EE352,2,1,76,CMPSC431W,2,1,81
ab8172@nittany.edu,CMPSC465,1,1,91,CMPEN362,2,1,68,EE210,1,1,83
cr8911@nittany.edu,DS220,2,1,85,CMPSC311,2,1,78,EE210,1,1,77
as9069@nittany.edu,CMPSC132,1,1,75,MATH140,2,1,80,CHEM110,1,1,85
bb4483@nittany.edu,DS120,1,1,99,PHYS212,1,1,71,MATH231,2,1,82
cw7585@nittany.edu,EE320,1,1,70,IST128,2,1,89,IST558,1,,
am3245@nittany.edu,CMPSC475,2,1,78,CMPSC448,2,1,65,PHYS214,1,1,84
cb2134@nittany.edu,ECON101,1,1,94,PHYS212,2,1,67,CSE543,2,1,78
ah8299@nittany.edu,ECON101,1,1,71,DS220,1,1,90,STAT414,1,,
bh1407@nittany.edu,CMPSC465,2,1,86,EE311,1,1,89,CMPEN362,1,1,90
ck4064@nittany.edu,CMPEN431,2,1,62,EE212,2,1,87,STAT319,2,1,100
cr7030@nittany.edu,CMPSC311,1,1,97,PHYS212,2,1,66,MATH140,2,1,81
aa2256@nittany.edu,CMPEN331,2,1,82,CMPSC497,1,,,DS220,1,1,82
cr7834@nittany.edu,CMPSC448,2,1,64,CMPEN351,1,1,72,CMPEN411,1,1,86
ct2924@nittany.edu,CMPEN441,1,1,90,CSE543,2,1,78,MATH231,2,1,66
bw8893@nittany.edu,IST110,2,1,92,ECON102,2,1,68,CMPSC465,1,1,70
cg7136@nittany.edu,DS120,2,1,70,CMPEN362,2,1,86,CMPSC221,2,1,83
cc2445@nittany.edu,MATH231,2,1,93,CHEM112,1,1,67,ECON101,1,1,83
cc1235@nittany.edu,EE212,2,1,69,CMPEN454,1,,,CMPSC448,2,1,95
ca6499@nittany.edu,DS120,1,1,70,CMPSC311,1,1,93,ECON102,1,1,64
cq4861@nittany.edu,PHYS212,1,1,89,STAT319,1,1,60,EE352,2,1,84
cn5368@nittany.edu,CHEM112,2,1,96,CMPSC475,2,1,63,PHYS211,1,1,84
bl4092@nittany.edu,CMPSC311,1,1,76,IST558,2,,,EE320,2,1,60
ba4903@nittany.edu,STAT414,2,,,CMPSC311,2,1,96,EE210,1,1,99
cw6141@nittany.edu,IST110,2,1,71,CMPSC311,2,1,82,CMPSC221,1,1,73
cm4400@nittany.edu,MATH140,1,1,69,EE330,2,1,89,EE211,1,1,97
ck6661@nittany.edu,IST110,1,1,71,CMPSC448,2,1,79,CMPSC360,2,1,69
co5263@nittany.edu,CMPEN362,1,1,70,EE340,1,,,DS120,1,1,77
cs4243@nittany.edu,CMPEN441,1,1,80,EE352,2,1,83,STAT414,2,,
bc4962@nittany.edu,CMPEN431,1,1,64,STAT415,2,1,76,STAT319,2,1,77
af8503@nittany.edu,MATH230,2,1,75,STAT415,2,1,69,CMPEN331,1,1,76
am6323@nittany.edu,EE211,2,1,94,EE340,1,,,PHYS211,2,1,77
bp7877@nittany.edu,EE320,2,1,93,EE311,1,1,79,PHYS213,2,1,88
cw7068@nittany.edu,DS220,2,1,89,CMPEN331,1,1,71,CMPSC448,1,1,75
bl6052@nittany.edu,CMPSC221,2,1,68,CMPSC475,2,1,72,DS120,1,1,82
cs2006@nittany.edu,CHEM111,1,1,71,CMPEN362,2,1,94,IST110,1,1,62
ah6141@nittany.edu,DS120,1,1,97,STAT415,2,1,71,EE210,2,1,72
cs3754@nittany.edu,PHYS213,1,1,100,MATH230,2,1,75,MATH140,2,1,61
bk6475@nittany.edu,CHEM111,1,1,90,EE340,1,,,EE352,1,1,88
ch6057@nittany.edu,CMPSC221,2,1,73,CMPSC132,2,1,65,MATH231,2,1,76
ar9287@nittany.edu,EE211,2,1,68,MATH231,2,1,81,IST110,2,1,77
bm6234@nittany.edu,EE330,1,1,85,CMPSC221,2,1,100,IST110,1,1,60
bs1006@nittany.edu,CMPSC360,2,1,64,CMPEN270,2,1,86,CMPEN441,1,1,68
ca5845@nittany.edu,STAT318,1,1,88,EE311,2,1,65,CMPSC465,1,1,66
cb6121@nittany.edu,CMPEN331,2,1,73,STAT318,2,1,89,DS220,1,1,89
dh5008@nittany.edu,CMPSC131,1,1,97,CMPEN351,2,1,89,IST558,1,,
al8943@nittany.edu,CMPEN454,1,,,CMPEN362,2,1,86,ECON201,1,1,71
ak5890@nittany.edu,EE210,2,1,77,MATH230,1,1,62,MATH140,2,1,85
ca1975@nittany.edu,EE340,2,,,STAT414,2,,,CMPEN441,2,1,76
as2674@nittany.edu,PHYS214,2,1,95,CMPEN351,2,1,85,CMPSC465,1,1,73
ck4873@nittany.edu,DS220,2,1,87,PHYS211,1,1,87,CMPSC131,1,1,86
dr8416@nittany.edu,CMPSC132,1,1,97,IST110,2,1,65,EE210,2,1,68
cs5417@nittany.edu,CMPSC461,1,1,68,CMPEN441,1,1,72,STAT414,2,,
bd6345@nittany.edu,CMPEN331,2,1,67,CHEM112,2,1,71,ECON101,2,1,69
bl3745@nittany.edu,EE353,2,1,71,EE330,2,1,100,CMPEN270,1,1,76
bo5114@nittany.edu,ECON201,2,1,68,MATH141,2,1,78,EE212,1,1,83
ck8437@nittany.edu,IST110,1,1,67,ECON101,1,1,91,MATH231,2,1,70
ag5931@nittany.edu,STAT415,1,1,92,CMPEN431,1,1,61,CSE583,2,1,72
bf5148@nittany.edu,CSE543,1,1,98,PHYS213,1,1,98,PHYS211,2,1,79
db2409@nittany.edu,MATH140,1,1,85,CMPSC431W,2,1,96,CMPEN431,2,1,61
as2481@nittany.edu,CMPSC448,1,1,84,CMPSC497,1,,,CSE543,1,1,74
cd4187@nittany.edu,EE353,1,1,62,PHYS211,1,1,72,CHEM111,2,1,75
aj3787@nittany.edu,CMPSC461,2,1,89,DS220,1,1,71,CMPEN362,2,1,97
ae5810@nittany.edu,CMPEN270,1,1,61,STAT415,1,1,94,CHEM111,2,1,86
cc6232@nittany.edu,CMPSC461,1,1,84,MATH141,2,1,86,EE212,2,1,64
br8383@nittany.edu,MATH231,1,1,68,CMPEN431,1,1,73,PHYS213,1,1,64
dc8417@nittany.edu,CMPSC448,1,1,93,EE353,1,1,90,CHEM111,1,1,100
ap8774@nittany.edu,CMPEN411,2,1,68,EE320,2,1,74,CMPEN331,2,1,69
bb4001@nittany.edu,EE352,2,1,70,MATH141,2,1,61,EE212,2,1,61
cp9426@nittany.edu,PHYS212,2,1,69,STAT319,2,1,62,PHYS211,2,1,93
dh7522@nittany.edu,CMPEN351,1,1,94,EE330,1,1,90,CMPEN411,1,1,69
ao3325@nittany.edu,CMPSC497,2,,,ECON201,1,1,81,EE330,2,1,64
cs4540@nittany.edu,CMPEN411,1,1,78,EE311,1,1,62,CMPEN331,2,1,72
cw3561@nittany.edu,ECON201,1,1,90,ECON102,2,1,78,MATH140,1,1,83
cm5322@nittany.edu,EE210,2,1,83,PHYS214,2,1,84,CMPSC360,1,1,77
ab5104@nittany.edu,CSE543,2,1,61,MATH141,1,1,62,CMPSC497,2,,
cw1038@nittany.edu,IST128,2,1,74,PHYS213,1,1,85,CMPEN411,2,1,60
aw8382@nittany.edu,ECON102,1,1,97,STAT318,2,1,79,EE340,1,,
cb5065@nittany.edu,CMPEN270,1,1,67,CMPEN411,2,1,69,STAT319,2,1,73
bt1573@nittany.edu,CMPEN411,1,1,69,EE212,1,1,77,CSE583,2,1,87
cs3610@nittany.edu,CHEM112,1,1,71,CMPSC465,1,1,72,STAT319,2,1,86
db6530@nittany.edu,CMPEN411,2,1,83,ECON102,1,1,70,CMPSC360,1,1,80
cs1816@nittany.edu,EE210,1,1,87,CMPEN351,1,1,99,CMPEN270,2,1,97
eh3966@nittany.edu,STAT415,1,1,85,PHYS213,2,1,64,CMPEN270,1,1,100
gl5131@nittany.edu,EE330,2,1,89,STAT318,2,1,84,CMPEN270,2,1,79
eu6734@nittany.edu,ECON101,2,1,68,ECON102,2,1,75,CMPEN351,1,1,100
gj1336@nittany.edu,EE210,2,1,99,CMPEN454,1,,,ECON102,1,1,72
fe4839@nittany.edu,CMPEN351,1,1,67,CSE543,1,1,81,ECON201,2,1,90
ew9592@nittany.edu,EE211,2,1,60,EE340,2,,,CHEM111,1,1,68
ed8801@nittany.edu,EE353,2,1,65,EE330,2,1,95,CSE583,1,1,73
gp4162@nittany.edu,CMPEN411,2,1,75,CMPSC448,1,1,65,EE311,2,1,75
is6689@nittany.edu,EE352,1,1,61,STAT415,1,1,96,ECON201,1,1,77
ie2276@nittany.edu,CMPEN431,2,1,77,CMPSC461,1,1,60,PHYS214,2,1,71
ek4881@nittany.edu,EE210,2,1,89,CHEM112,2,1,97,PHYS214,1,1,80
gj5319@nittany.edu,EE352,2,1,71,ECON101,2,1,73,CHEM111,1,1,88
dg3660@nittany.edu,EE311,1,1,99,DS120,1,1,63,EE352,2,1,82
em6584@nittany.edu,EE330,2,1,61,CHEM112,2,1,77,EE320,1,1,69
db1016@nittany.edu,IST110,2,1,69,CMPSC360,1,1,71,MATH230,2,1,74
gl1897@nittany.edu,MATH140,1,1,99,CMPSC221,2,1,97,CMPSC448,2,1,99
da1878@nittany.edu,CMPSC221,2,1,90,PHYS213,2,1,90,DS120,1,1,75
ed7159@nittany.edu,DS220,2,1,98,ECON101,1,1,79,CMPEN331,1,1,87
gr5445@nittany.edu,CMPSC360,1,1,85,CMPEN441,1,1,99,IST558,1,,
fk6517@nittany.edu,EE353,1,1,99,STAT414,1,,,STAT415,1,1,97
ea7463@nittany.edu,EE320,2,1,77,ECON101,2,1,100,STAT414,2,,
dl7664@nittany.edu,CMPEN270,1,1,95,CMPSC448,1,1,93,IST110,1,1,99
dk5949@nittany.edu,CSE543,2,1,66,CMPSC131,2,1,81,PHYS213,2,1,92
do9924@nittany.edu,CMPEN351,2,1,100,CMPEN331,1,1,99,EE320,1,1,77
ew2287@nittany.edu,MATH231,1,1,100,CMPEN351,2,1,99,STAT318,1,1,89
dw8054@nittany.edu,EE340,2,,,CMPEN331,2,1,86,CSE543,1,1,72
fo7818@nittany.edu,MATH231,1,1,91,CHEM111,1,1,87,EE210,2,1,100
do2791@nittany.edu,CMPSC360,1,1,60,CSE583,2,1,77,EE212,2,1,81
dl2872@nittany.edu,IST558,1,,,MATH230,2,1,70,ECON101,2,1,82
hc9512@nittany.edu,CMPEN362,1,1,96,DS120,2,1,91,CMPSC132,2,1,75
fw9529@nittany.edu,PHYS214,1,1,83,ECON101,2,1,76,CMPSC360,1,1,79
fb6120@nittany.edu,CMPEN351,2,1,75,CMPSC131,2,1,95,CMPSC461,1,1,69
ej6416@nittany.edu,PHYS214,1,1,88,CMPEN351,2,1,99,CMPSC311,2,1,79
gs5261@nittany.edu,DS120,2,1,82,ECON101,1,1,90,CMPEN454,1,,
hs3812@nittany.edu,IST110,2,1,95,EE320,2,1,91,CHEM112,2,1,75
er9643@nittany.edu,CMPSC221,1,1,81,PHYS211,1,1,97,CMPSC448,2,1,99
gb9073@nittany.edu,ECON102,2,1,96,MATH230,1,1,86,CMPSC221,1,1,81
eh3135@nittany.edu,EE340,1,,,MATH141,2,1,95,CMPEN331,2,1,76
ds7254@nittany.edu,STAT318,1,1,62,ECON102,2,1,61,EE353,1,1,78
dw8693@nittany.edu,EE353,2,1,61,EE340,1,,,MATH140,1,1,65
eb5700@nittany.edu,CMPSC311,1,1,87,CMPSC360,1,1,76,MATH141,1,1,61
gb8971@nittany.edu,MATH141,1,1,99,IST558,2,,,CMPSC448,2,1,82
eb9702@nittany.edu,EE212,1,1,98,EE311,2,1,100,STAT415,2,1,69
fm5811@nittany.edu,EE330,2,1,83,CMPSC497,1,,,STAT415,2,1,76
il8896@nittany.edu,CMPEN454,2,,,EE212,1,1,90,ECON101,2,1,81
eb7897@nittany.edu,STAT319,2,1,61,CSE543,2,1,80,CMPSC465,1,1,66
gb9628@nittany.edu,CMPEN331,2,1,71,CMPSC465,1,1,68,IST110,1,1,80
el2162@nittany.edu,CMPSC475,1,1,81,PHYS214,1,1,63,PHYS212,2,1,68
dz1220@nittany.edu,EE210,1,1,60,STAT319,2,1,79,MATH140,1,1,73
em9606@nittany.edu,CMPSC448,1,1,63,CSE583,2,1,68,MATH140,1,1,92
dd7048@nittany.edu,CMPSC465,2,1,95,EE211,2,1,85,CMPSC475,2,1,65
hb4427@nittany.edu,CMPSC465,2,1,94,CSE583,2,1,87,CMPEN351,2,1,98
du5385@nittany.edu,EE330,1,1,91,CMPSC448,1,1,78,CMPSC461,1,1,74
do7088@nittany.edu,CMPSC431W,2,1,98,CMPEN362,1,1,89,CMPSC475,2,1,67
hh4615@nittany.edu,MATH231,2,1,96,CSE583,1,1,93,PHYS213,2,1,77
gl1181@nittany.edu,PHYS212,2,1,83,MATH141,1,1,91,CMPEN454,1,,
ds7549@nittany.edu,PHYS214,2,1,95,CHEM112,1,1,63,CMPSC132,1,1,72
ej6093@nittany.edu,CMPSC131,1,1,91,MATH141,1,1,99,IST558,1,,
dt1755@nittany.edu,CMPSC221,1,1,71,CSE543,1,1,62,CMPSC461,1,1,100
gh1031@nittany.edu,MATH140,1,1,94,CMPSC311,2,1,64,CMPSC461,2,1,68
dg9379@nittany.edu,EE340,1,,,EE210,2,1,93,CMPSC360,2,1,78
hq7130@nittany.edu,PHYS214,1,1,97,CMPEN431,1,1,94,ECON201,2,1,82
dl8726@nittany.edu,EE320,2,1,98,IST128,2,1,60,CSE543,1,1,95
fk3783@nittany.edu,EE352,1,1,65,CMPEN270,2,1,96,EE320,2,1,71
hs3254@nittany.edu,MATH230,1,1,78,CMPSC461,2,1,88,STAT318,1,1,84
eg9777@nittany.edu,ECON201,1,1,82,CSE543,2,1,97,STAT319,2,1,66
eh8403@nittany.edu,CMPEN270,2,1,75,IST558,1,,,CMPSC221,1,1,68
dg1041@nittany.edu,EE311,1,1,91,EE210,1,1,67,CHEM112,2,1,75
ew3399@nittany.edu,EE320,1,1,92,EE210,2,1,71,MATH230,1,1,82
dr5383@nittany.edu,MATH140,2,1,62,EE211,2,1,63,CMPEN441,2,1,75
ib8603@nittany.edu,CMPSC461,2,1,84,DS120,2,1,94,CMPEN411,2,1,92
ef2211@nittany.edu,STAT414,1,,,EE320,2,1,72,CMPEN351,1,1,70
hs6780@nittany.edu,CMPEN431,2,1,97,CMPSC448,1,1,70,CSE583,2,1,85
dh7046@nittany.edu,STAT318,1,1,73,CMPSC465,1,1,94,CMPSC431W,2,1,84
gl5818@nittany.edu,DS220,1,1,71,MATH140,1,1,66,EE210,2,1,85
gr4392@nittany.edu,PHYS211,2,1,90,CMPEN441,1,1,62,EE330,1,1,76
hm9327@nittany.edu,PHYS214,1,1,100,EE330,1,1,64,CMPEN431,1,1,88
er5239@nittany.edu,CMPSC311,1,1,60,CMPEN362,2,1,77,EE211,1,1,62
ek3642@nittany.edu,CMPEN441,1,1,66,EE210,2,1,73,ECON102,1,1,70
gr4591@nittany.edu,CMPSC360,2,1,76,EE311,2,1,90,EE211,1,1,61
fw2120@nittany.edu,CMPEN454,1,,,CMPSC360,2,1,83,EE212,2,1,94
fc5125@nittany.edu,CMPEN454,2,,,ECON101,1,1,75,DS120,2,1,73
hh1524@nittany.edu,DS220,1,1,85,CMPEN270,1,1,100,CMPEN431,1,1,90
dg7321@nittany.edu,STAT415,1,1,74,CMPEN431,1,1,86,CMPSC431W,1,1,79
dp4783@nittany.edu,ECON102,1,1,75,CMPEN351,2,1,62,CHEM110,1,1,79
gd4593@nittany.edu,CMPSC132,1,1,67,CMPSC221,1,1,79,EE340,1,,
dg7987@nittany.edu,ECON101,1,1,86,CSE583,1,1,84,MATH141,2,1,97
gr3326@nittany.edu,EE210,1,1,99,MATH231,1,1,99,CMPEN441,1,1,61
dk1425@nittany.edu,CMPSC131,1,1,98,CMPEN331,1,1,73,EE340,1,,
fr1588@nittany.edu,EE330,1,1,66,CMPEN454,1,,,CMPSC360,2,1,86
hc6195@nittany.edu,CMPEN454,1,,,CMPSC497,2,,,CMPEN270,2,1,88
fa1972@nittany.edu,CMPSC475,1,1,74,STAT415,2,1,75,CHEM111,2,1,86
ff4897@nittany.edu,CMPSC461,2,1,97,PHYS211,1,1,95,ECON101,1,1,72
gj7421@nittany.edu,PHYS211,2,1,65,CMPEN331,2,1,93,CHEM110,2,1,81
dk5850@nittany.edu,CMPEN411,2,1,73,MATH231,1,1,92,EE352,1,1,67
gh2561@nittany.edu,CMPSC131,2,1,77,CMPSC221,2,1,100,PHYS213,2,1,68
gs2617@nittany.edu,IST128,2,1,91,IST558,1,,,CMPSC465,1,1,99
eb3303@nittany.edu,CMPSC465,2,1,89,EE211,2,1,70,PHYS214,2,1,93
dt1653@nittany.edu,CMPSC360,1,1,93,EE353,2,1,90,CMPEN351,2,1,86
em9510@nittany.edu,PHYS212,1,1,90,EE212,1,1,81,STAT414,2,,
hh1856@nittany.edu,STAT319,2,1,92,CSE583,2,1,69,CMPSC311,1,1,87
eh6509@nittany.edu,ECON201,2,1,95,ECON102,2,1,100,CMPSC461,2,1,70
hm8630@nittany.edu,CMPEN441,2,1,62,CMPSC448,2,1,72,ECON101,2,1,98
eq3640@nittany.edu,IST110,2,1,73,CMPEN331,1,1,76,EE210,2,1,71
hw8828@nittany.edu,CMPSC431W,2,1,87,DS220,1,1,60,CMPSC461,2,1,60
ew8925@nittany.edu,CMPSC465,1,1,100,STAT318,1,1,63,ECON101,2,1,62
ek5867@nittany.edu,CSE543,1,1,98,MATH141,2,1,88,EE352,1,1,65
dm6277@nittany.edu,CMPEN270,1,1,76,EE330,2,1,65,IST110,1,1,68
er2458@nittany.edu,CMPEN362,2,1,100,ECON101,2,1,97,CSE543,2,1,76
ew2185@nittany.edu,CMPEN270,1,1,68,ECON102,2,1,68,EE311,1,1,98
gp3361@nittany.edu,CSE583,1,1,76,CSE543,2,1,74,CMPSC475,1,1,65
dh7362@nittany.edu,CMPSC475,2,1,63,CMPSC431W,1,1,72,EE212,2,1,86
eo6418@nittany.edu,CMPSC132,1,1,89,EE211,2,1,68,CMPSC431W,1,1,90
da3247@nittany.edu,CMPSC465,1,1,83,MATH140,1,1,88,EE352,2,1,98
gd1891@nittany.edu,CMPSC221,2,1,68,CMPSC475,2,1,61,EE320,2,1,60
dm4287@nittany.edu,CMPSC465,2,1,63,PHYS212,1,1,82,CMPSC360,2,1,74
dj4017@nittany.edu,STAT415,1,1,72,CHEM111,2,1,84,PHYS213,2,1,90
dg3528@nittany.edu,MATH140,2,1,79,EE340,2,,,MATH231,2,1,84
iw4518@nittany.edu,CMPSC431W,2,1,89,EE211,1,1,84,DS220,2,1,89
ds8193@nittany.edu,STAT414,1,,,ECON101,2,1,81,STAT415,2,1,100
ds2879@nittany.edu,CMPEN351,1,1,94,ECON102,2,1,76,CMPSC461,2,1,90
hl4356@nittany.edu,MATH140,2,1,91,CHEM110,2,1,87,CMPSC131,2,1,62
dw5475@nittany.edu,EE340,2,,,CMPSC497,1,,,EE212,2,1,95
ft1093@nittany.edu,CMPSC465,1,1,88,MATH141,1,1,75,CMPSC448,2,1,85
fs3719@nittany.edu,CMPEN431,1,1,81,CMPEN270,1,1,91,CMPEN411,1,1,92
ds2224@nittany.edu,CMPSC461,2,1,71,EE211,1,1,100,PHYS212,2,1,89
es8944@nittany.edu,CMPSC475,1,1,76,STAT318,1,1,76,STAT319,1,1,72
gt3176@nittany.edu,CMPEN441,1,1,74,IST128,2,1,73,ECON201,2,1,93
dc7489@nittany.edu,IST128,1,1,60,CMPSC497,1,,,PHYS212,2,1,90
ek7386@nittany.edu,CHEM112,2,1,89,CMPSC465,2,1,71,CMPEN362,2,1,92
fg4672@nittany.edu,MATH140,2,1,71,CHEM110,2,1,62,CHEM111,1,1,82
da2022@nittany.edu,EE210,1,1,64,CMPSC448,1,1,97,CHEM110,1,1,99
fs1546@nittany.edu,CMPSC475,2,1,84,PHYS213,2,1,97,CMPEN270,1,1,65
ew7279@nittany.edu,EE211,2,1,99,MATH230,2,1,70,CHEM111,1,1,74
hh9927@nittany.edu,PHYS214,2,1,72,EE210,2,1,88,DS220,2,1,87
gd6812@nittany.edu,EE330,2,1,63,EE352,2,1,63,STAT415,1,1,96
gh4919@nittany.edu,PHYS212,1,1,86,EE210,2,1,89,PHYS214,1,1,62
hb6400@nittany.edu,CMPSC131,2,1,86,ECON101,1,1,93,EE330,1,1,60
dl4708@nittany.edu,IST110,1,1,85,CMPSC131,2,1,66,MATH141,2,1,92
fw1745@nittany.edu,CMPSC461,2,1,82,CHEM111,1,1,62,MATH231,1,1,68
gb6345@nittany.edu,CMPSC360,1,1,67,EE330,2,1,98,CMPSC448,2,1,77
ed1041@nittany.edu,EE311,1,1,88,CMPSC497,1,,,MATH231,2,1,60
er8341@nittany.edu,EE211,1,1,71,CMPSC497,2,,,MATH231,1,1,86
ej3628@nittany.edu,ECON102,1,1,98,EE352,1,1,68,CMPSC131,1,1,90
gs3266@nittany.edu,IST558,2,,,IST110,1,1,68,CMPEN441,1,1,89
dm6239@nittany.edu,CMPEN362,2,1,64,EE352,1,1,72,EE210,2,1,62
fh7189@nittany.edu,CMPSC132,2,1,81,CMPEN441,1,1,87,CMPSC131,1,1,85
gr1809@nittany.edu,CMPSC475,2,1,82,EE353,2,1,87,IST128,2,1,75
hm5525@nittany.edu,CMPSC360,1,1,74,EE212,1,1,85,CMPSC475,1,1,95
eg7228@nittany.edu,ECON101,2,1,73,CMPSC497,1,,,DS220,1,1,67
em2859@nittany.edu,PHYS213,1,1,81,CMPSC360,2,1,63,CMPEN431,1,1,99
eg5689@nittany.edu,STAT319,1,1,91,PHYS212,1,1,87,CMPSC461,1,1,63
dc8436@nittany.edu,PHYS213,2,1,87,PHYS211,1,1,72,EE320,2,1,85
eo5933@nittany.edu,CHEM110,1,1,77,CMPEN411,2,1,84,STAT318,1,1,87
ek2555@nittany.edu,CMPSC221,2,1,91,PHYS211,1,1,97,STAT415,2,1,77
ib9263@nittany.edu,EE210,2,1,78,CSE543,2,1,87,CMPSC497,1,,
dl7100@nittany.edu,CHEM110,1,1,82,CMPEN454,1,,,STAT318,2,1,97
gh1212@nittany.edu,CSE583,2,1,78,CMPSC221,2,1,92,STAT415,2,1,88
dc3082@nittany.edu,CHEM111,2,1,68,CMPEN454,2,,,CMPSC360,1,1,90
em3990@nittany.edu,EE340,2,,,CMPSC131,2,1,98,CHEM112,2,1,97
dk9439@nittany.edu,CMPSC221,2,1,83,CMPEN441,1,1,67,PHYS211,2,1,72
gs6695@nittany.edu,MATH230,1,1,79,EE352,1,1,86,MATH140,1,1,97
gp6880@nittany.edu,PHYS213,2,1,100,CMPSC448,1,1,79,CMPEN431,2,1,90
es9891@nittany.edu,ECON102,1,1,64,MATH231,1,1,68,ECON201,2,1,69
ds2211@nittany.edu,ECON201,2,1,95,STAT319,2,1,83,PHYS214,2,1,66
er2244@nittany.edu,CMPSC132,2,1,60,IST110,1,1,82,PHYS211,2,1,100
do8320@nittany.edu,MATH141,2,1,65,EE353,2,1,75,CMPSC465,2,1,79
er6539@nittany.edu,CSE583,2,1,93,IST128,2,1,79,STAT415,1,1,71
ds2123@nittany.edu,EE212,1,1,82,CMPSC448,1,1,99,EE330,1,1,87
dg8738@nittany.edu,CMPEN331,1,1,62,EE352,1,1,67,CMPSC497,2,,
dr9676@nittany.edu,MATH141,1,1,84,CMPEN331,2,1,92,MATH230,2,1,85
er2818@nittany.edu,EE353,1,1,86,CMPEN362,2,1,99,STAT319,2,1,91
gc5107@nittany.edu,CSE583,2,1,92,CMPSC465,2,1,67,PHYS212,2,1,65
da8807@nittany.edu,EE311,2,1,69,EE210,1,1,63,DS120,2,1,83
gk3247@nittany.edu,ECON101,1,1,91,CMPSC221,1,1,70,CMPEN454,2,,
hs1177@nittany.edu,CMPEN270,1,1,67,CHEM110,1,1,74,EE211,1,1,61
hb7496@nittany.edu,EE311,2,1,81,EE211,2,1,100,MATH140,1,1,92
hd3109@nittany.edu,EE311,1,1,91,EE330,1,1,80,CMPSC221,2,1,99
dm9701@nittany.edu,CHEM112,2,1,89,CMPEN362,2,1,69,EE320,2,1,70
es2273@nittany.edu,ECON201,1,1,62,STAT414,2,,,ECON102,2,1,83
em7352@nittany.edu,CMPEN362,1,1,90,STAT318,1,1,70,PHYS212,1,1,63
dr6246@nittany.edu,EE210,2,1,98,PHYS212,1,1,83,ECON201,2,1,66
dw2632@nittany.edu,CHEM110,2,1,71,ECON101,2,1,60,CMPSC221,1,1,79
dh1318@nittany.edu,CMPSC311,2,1,90,MATH141,2,1,92,CMPSC431W,1,1,78
ev8921@nittany.edu,CMPEN441,2,1,64,MATH230,2,1,61,STAT414,2,,
gw5806@nittany.edu,EE320,1,1,84,PHYS214,2,1,66,EE352,1,1,89
dr3255@nittany.edu,CMPSC431W,2,1,90,EE352,1,1,90,CMPSC448,1,1,64
dh3792@nittany.edu,EE212,2,1,85,CHEM110,1,1,62,MATH230,1,1,68
dc5453@nittany.edu,MATH231,2,1,75,CMPEN431,1,1,88,CHEM111,1,1,78
fh5083@nittany.edu,CMPSC311,1,1,98,CMPEN411,1,1,80,CMPSC497,1,,
ew8429@nittany.edu,MATH141,1,1,76,EE320,2,1,89,EE340,1,,
eb2377@nittany.edu,EE212,1,1,64,CMPEN431,1,1,97,CHEM111,2,1,86
fr6216@nittany.edu,CSE543,1,1,70,DS120,1,1,100,CMPSC131,2,1,63
eb9389@nittany.edu,EE352,2,1,62,CMPSC448,2,1,75,EE211,1,1,93
ee6932@nittany.edu,MATH230,2,1,66,CMPEN351,1,1,87,IST128,2,1,77
er9391@nittany.edu,EE352,2,1,66,PHYS211,1,1,64,CSE543,2,1,62
da4619@nittany.edu,EE212,2,1,100,PHYS211,2,1,100,CMPEN362,1,1,70
dr7544@nittany.edu,CMPSC132,1,1,66,CMPSC465,1,1,85,PHYS214,1,1,95
ej7700@nittany.edu,CMPSC311,1,1,71,CMPSC461,2,1,65,CMPEN454,2,,
df7770@nittany.edu,MATH230,1,1,77,CMPEN351,2,1,67,PHYS212,1,1,71
ds5937@nittany.edu,CMPEN441,2,1,100,DS220,2,1,74,STAT319,2,1,98
hk5972@nittany.edu,CMPEN351,1,1,93,PHYS211,2,1,77,CMPEN411,1,1,76
dg6925@nittany.edu,CMPEN362,2,1,86,CMPEN351,2,1,71,IST110,1,1,68
em9445@nittany.edu,CHEM112,1,1,74,EE320,1,1,87,STAT318,2,1,94
gk9861@nittany.edu,PHYS213,2,1,63,CHEM110,2,1,81,STAT318,1,1,87
gc5114@nittany.edu,CMPSC131,1,1,69,EE311,2,1,71,CMPSC360,1,1,88
dj1479@nittany.edu,CMPEN431,2,1,94,CMPSC497,2,,,MATH230,2,1,62
hr2868@nittany.edu,PHYS211,2,1,74,EE330,1,1,74,CMPEN331,1,1,63
fb4575@nittany.edu,PHYS213,1,1,100,CSE543,1,1,82,CMPSC431W,1,1,82
de5828@nittany.edu,CMPEN331,2,1,74,CHEM111,2,1,71,EE352,2,1,70
fm5590@nittany.edu,CMPSC132,2,1,68,STAT415,2,1,99,CMPSC497,2,,
fr8166@nittany.edu,IST558,1,,,ECON102,2,1,95,CHEM110,2,1,68
dl6390@nittany.edu,EE210,1,1,88,CMPEN411,1,1,67,STAT415,1,1,81
df8189@nittany.edu,IST558,2,,,CMPSC360,2,1,92,EE353,1,1,77