Email,Courses 1,Course 1 Section,Course 1 HW_No,Course 1 HW_Grade,Courses 2,Course 2 Section,Course 2 HW_No,Course 2 HW_Grade,Courses 3,Course 3 Section,Course 3 HW_No,Course 3 HW_Grade,,
al4613@nittany.edu,EE320,1,1,93,EE212,1,1,85,CMPEN454,2,1,90,,
am4447@nittany.edu,PHYS212,2,1,95,IST110,1,1,64,CMPEN331,1,1,60,,
ak9804@nittany.edu,CMPEN411,2,1,79,MATH231,1,1,80,CHEM111,1,1,74,,
as1233@nittany.edu,CMPSC360,1,1,60,CMPEN431,2,1,69,EE330,1,1,67,,
al5684@nittany.edu,CMPSC497,2,1,97,CMPSC461,1,1,96,CMPSC475,2,1,97,,
al6759@nittany.edu,CMPSC360,1,1,88,PHYS213,1,1,75,ECON101,1,1,94,,
ah2567@nittany.edu,CMPEN351,2,1,75,STAT414,1,1,80,MATH230,2,1,84,,
ab8825@nittany.edu,PHYS211,1,1,78,CMPEN270,1,1,96,STAT319,2,1,95,, 
ak1365@nittany.edu,CMPSC465,2,1,71,STAT414,1,1,96,STAT415,1,1,80,,
at2037@nittany.edu,PHYS214,2,1,96,IST558,1,1,86,CSE583,2,1,70,,
as3627@nittany.edu,CSE583,2,1,67,CMPSC360,1,1,73,IST110,2,1,76,,
ah3078@nittany.edu,STAT414,2,1,80,EE353,2,1,62,CMPSC448,1,1,67,,
ab8389@nittany.edu,CMPEN441,2,1,72,CMPEN351,2,1,63,PHYS214,1,1,67,,
at1813@nittany.edu,CMPEN431,1,1,90,CMPSC221,2,1,60,PHYS211,1,1,90,,
ao8250@nittany.edu,PHYS212,2,1,79,CSE583,2,1,80,DS220,2,1,79,,
al8826@nittany.edu,EE352,1,1,65,ECON102,2,1,90,CMPSC132,1,1,82,,
ab4479@nittany.edu,EE340,1,1,67,EE212,2,1,87,EE211,1,1,82,,
al5806@nittany.edu,CHEM111,1,1,76,EE210,2,1,84,EE352,1,1,80,,
aj1457@nittany.edu,STAT318,1,1,66,EE210,1,1,91,EE212,1,1,90,,
ar7586@nittany.edu,CSE543,2,1,72,CHEM111,1,1,77,DS120,1,1,85,,
am6718@nittany.edu,CMPSC461,1,1,79,MATH230,1,1,61,CHEM111,1,1,85,,
as4057@nittany.edu,IST558,2,1,73,MATH231,1,1,87,EE210,1,1,100,,
az6923@nittany.edu,IST110,2,1,76,MATH140,2,1,71,STAT318,2,1,86,,
ab9912@nittany.edu,MATH140,2,1,78,CHEM110,1,1,95,CMPSC475,2,1,96,,
ap8429@nittany.edu,CMPEN454,1,1,79,IST558,1,1,97,CMPEN441,1,1,65,,
ag4728@nittany.edu,DS220,1,1,75,CMPSC448,1,1,69,MATH231,1,1,100,,
am5109@nittany.edu,MATH140,2,1,69,CMPEN454,1,1,73,IST558,2,1,84,,
ab3717@nittany.edu,CHEM110,1,1,85,EE353,2,1,64,CMPEN362,1,1,74,,
ah5707@nittany.edu,IST128,1,1,74,STAT319,1,1,88,DS120,2,1,66,,
ad9791@nittany.edu,EE311,1,1,96,CHEM111,2,1,76,CSE543,1,1,79,,
aw2983@nittany.edu,PHYS213,2,1,98,ECON201,2,1,83,EE353,2,1,97,,
lj2993@nittany.edu,MATH140,2,1,95,CHEM112,1,1,93,STAT318,2,1,61,,
rb1832@nittany.edu,EE320,1,1,60,DS120,2,1,74,ECON101,2,1,94,,
ld8122@nittany.edu,IST110,2,1,62,CMPSC475,1,1,66,MATH231,2,1,67,,
md5914@nittany.edu,CMPEN431,2,1,66,CMPSC360,2,1,66,EE330,2,1,67,,
kf8268@nittany.edu,CMPEN362,2,1,91,CMPEN331,1,1,66,PHYS211,1,1,84,,
pz6665@nittany.edu,CHEM112,1,1,98,CHEM111,1,1,78,EE212,2,1,77,,
mr6639@nittany.edu,STAT319,1,1,68,CMPSC132,2,1,90,CMPEN431,1,1,70,,
sc5452@nittany.edu,PHYS211,2,1,96,CMPSC448,1,1,75,CMPSC221,2,1,93,,
tp8468@nittany.edu,IST128,2,1,81,PHYS214,1,1,84,MATH230,2,1,96,,
ih9335@nittany.edu,CMPEN331,2,1,87,CMPEN362,1,1,73,PHYS213,1,1,64,,
me9525@nittany.edu,EE311,1,1,97,STAT319,1,1,91,CMPEN454,1,1,98,,
pr4075@nittany.edu,CMPSC461,1,1,93,STAT415,2,1,68,IST110,2,1,86,,
nk8056@nittany.edu,EE211,1,1,73,EE210,1,1,85,IST558,2,1,84,,
jz5577@nittany.edu,CMPSC475,1,1,75,CMPSC431W,1,1,80,ECON201,1,1,100,,
jp2632@nittany.edu,ECON101,1,1,89,EE353,2,1,82,CHEM110,2,1,85,,
lk7361@nittany.edu,MATH140,2,1,96,EE353,1,1,63,MATH141,1,1,100,,
ks1880@nittany.edu,ECON101,1,1,95,STAT415,1,1,70,CMPSC448,1,1,85,,
ms2404@nittany.edu,STAT415,2,1,93,CMPEN411,1,1,87,CMPSC311,2,1,61,,
ih5431@nittany.edu,CMPSC431W,1,1,93,CMPSC497,2,1,96,CMPSC475,1,1,67,,
sm4115@nittany.edu,STAT318,1,1,78,CMPEN411,2,1,62,CSE583,1,1,85,,
js8078@nittany.edu,CMPSC475,2,1,99,DS120,1,1,79,CMPEN431,1,1,87,,
mb4117@nittany.edu,DS120,2,1,86,CMPSC475,2,1,63,EE340,2,1,95,,
rm8585@nittany.edu,CMPEN454,1,1,67,EE311,1,1,92,MATH141,1,1,98,,
mg1976@nittany.edu,PHYS214,1,1,77,ECON102,1,1,63,IST110,2,1,90,,
kc4364@nittany.edu,EE211,1,1,82,CMPSC311,1,1,84,EE330,1,1,68,,
rh2046@nittany.edu,DS120,2,1,78,ECON201,1,1,88,CMPSC465,1,1,79,,
jh2885@nittany.edu,EE352,2,1,69,CMPSC131,1,1,86,EE330,2,1,86,,
ms9362@nittany.edu,ECON101,1,1,68,EE210,2,1,97,EE353,2,1,67,,
jl6447@nittany.edu,ECON102,2,1,65,EE340,1,1,82,DS120,1,1,79,,
mr2329@nittany.edu,PHYS213,2,1,87,MATH141,1,1,88,ECON201,1,1,64,,
ma5503@nittany.edu,CMPEN270,1,1,100,EE353,2,1,76,CMPEN411,2,1,70,,
rb4971@nittany.edu,CMPEN351,1,1,86,STAT415,2,1,78,ECON102,1,1,68,,
jc5818@nittany.edu,PHYS211,1,1,66,CMPSC465,2,1,63,CMPEN454,2,1,87,,
kg2618@nittany.edu,EE352,2,1,94,IST128,1,1,64,ECON101,1,1,95,,
lg4120@nittany.edu,CMPSC131,1,1,70,CMPSC465,2,1,92,MATH230,2,1,68,,
sg2123@nittany.edu,CMPSC497,2,1,69,CHEM112,1,1,90,PHYS211,1,1,72,,
tp3946@nittany.edu,CMPEN441,2,1,66,DS120,2,1,68,EE340,2,1,71,,
sb5076@nittany.edu,IST128,1,1,60,PHYS212,2,1,80,EE210,2,1,61,,
mh2221@nittany.edu,CMPSC497,2,1,80,PHYS211,2,1,85,CMPEN331,2,1,89,,
vs8351@nittany.edu,IST110,2,1,85,MATH230,1,1,83,CHEM111,2,1,92,,
mm1324@nittany.edu,STAT319,1,1,66,MATH141,2,1,66,PHYS213,2,1,90,,
tg2289@nittany.edu,CMPEN441,1,1,82,CHEM110,2,1,71,CMPSC497,2,1,77,,
mk4648@nittany.edu,CSE543,1,1,88,EE340,2,1,65,EE353,2,1,60,,
sa8884@nittany.edu,CSE543,1,1,72,EE352,2,1,61,CMPSC461,1,1,89,,
kn1468@nittany.edu,ECON201,2,1,76,CMPEN441,1,1,73,EE353,1,1,76,,
jk5833@nittany.edu,CMPEN362,2,1,88,PHYS213,1,1,64,ECON102,1,1,60,,
md1699@nittany.edu,CMPSC448,1,1,68,CMPEN270,2,1,78,STAT415,2,1,62,,
mc4814@nittany.edu,IST110,2,1,89,CMPEN331,1,1,79,CMPEN351,1,1,94,,
ll2646@nittany.edu,CMPSC132,1,1,62,IST110,2,1,79,ECON101,1,1,97,,
mr3369@nittany.edu,ECON201,2,1,67,CHEM112,2,1,72,DS220,1,1,97,,
tb7100@nittany.edu,EE311,2,1,89,CMPSC132,2,1,72,IST558,1,1,77,,
wm3293@nittany.edu,MATH231,2,1,95,CMPSC448,2,1,77,CMPSC131,2,1,71,,
jb9557@nittany.edu,CMPEN454,2,1,91,CHEM111,1,1,68,MATH231,1,1,100,,
ko8881@nittany.edu,CHEM110,1,1,63,CMPSC360,2,1,86,CMPEN431,2,1,78,,
zj6533@nittany.edu,EE311,2,1,61,CMPSC465,2,1,61,CSE543,1,1,96,,
mb4756@nittany.edu,PHYS211,1,1,92,EE340,2,1,96,DS120,2,1,93,,
mr3556@nittany.edu,EE320,2,1,69,MATH230,2,1,73,CMPEN431,2,1,85,,
md3813@nittany.edu,EE311,1,1,89,CMPEN411,1,1,72,IST128,2,1,90,,
km6173@nittany.edu,DS120,2,1,90,CSE583,2,1,64,CMPEN431,2,1,98,,
sg3060@nittany.edu,CMPEN270,1,1,100,MATH231,2,1,79,IST558,1,1,64,,
ms7605@nittany.edu,MATH140,2,1,94,CMPSC448,2,1,71,CMPEN351,2,1,81,,
tm4946@nittany.edu,STAT318,2,1,94,DS120,2,1,71,CMPSC221,1,1,85,,
jg1721@nittany.edu,CMPEN411,2,1,94,CMPEN351,1,1,96,STAT319,1,1,91,,
yc2897@nittany.edu,CMPEN270,1,1,91,EE352,2,1,61,CMPEN441,2,1,90,,
ss9714@nittany.edu,CSE583,1,1,82,STAT414,1,1,62,ECON101,2,1,74,,
rb9779@nittany.edu,PHYS214,2,1,86,CMPEN431,1,1,67,EE210,1,1,64,,
zr6768@nittany.edu,CHEM110,2,1,79,CMPSC448,1,1,77,MATH141,1,1,63,,
rc6428@nittany.edu,EE212,2,1,95,CMPSC465,1,1,70,EE353,1,1,70,,
jt5287@nittany.edu,CMPSC221,2,1,68,CMPEN431,2,1,86,CSE543,2,1,95,,
lo7605@nittany.edu,CMPEN270,2,1,79,CMPEN331,1,1,87,CMPSC221,1,1,67,,
tr4637@nittany.edu,STAT414,1,1,75,EE211,1,1,85,STAT318,2,1,79,,
lr3728@nittany.edu,CMPSC475,2,1,66,CHEM110,1,1,85,MATH230,2,1,83,,
xg4863@nittany.edu,PHYS212,2,1,81,CMPEN331,1,1,73,ECON101,1,1,86,,
me5010@nittany.edu,CSE583,2,1,92,STAT318,1,1,87,MATH231,2,1,99,,
lr5472@nittany.edu,EE211,1,1,82,ECON101,1,1,87,EE320,1,1,77,,
sh4974@nittany.edu,CMPEN351,1,1,64,MATH231,1,1,84,ECON102,2,1,98,,
la9924@nittany.edu,EE320,2,1,95,DS120,2,1,86,CMPEN454,1,1,75,,
ms2737@nittany.edu,DS120,2,1,64,CHEM110,2,1,60,CMPSC475,2,1,90,,
tb8127@nittany.edu,CMPSC461,1,1,87,CMPSC475,2,1,79,PHYS211,2,1,75,,
mm2976@nittany.edu,STAT415,1,1,70,PHYS214,2,1,76,CMPSC311,2,1,89,,
th3170@nittany.edu,EE212,1,1,65,MATH141,2,1,65,CMPEN331,2,1,70,,
kk3742@nittany.edu,MATH141,2,1,74,STAT318,1,1,73,EE211,1,1,96,,
nd2615@nittany.edu,EE211,1,1,67,IST110,1,1,64,CHEM112,1,1,78,,
sb6428@nittany.edu,EE353,2,1,96,EE330,2,1,65,MATH230,1,1,88,,
rr9237@nittany.edu,CMPEN431,2,1,82,CMPSC360,1,1,92,CMPSC311,1,1,74,,
mm1660@nittany.edu,CMPSC131,1,1,82,CMPSC221,1,1,88,CMPSC360,1,1,63,,
mr1462@nittany.edu,PHYS213,1,1,67,STAT319,2,1,97,CMPEN431,2,1,90,,
lg1828@nittany.edu,CHEM110,2,1,87,MATH230,2,1,95,MATH231,2,1,81,,
jo7172@nittany.edu,CMPEN331,2,1,62,CMPEN362,1,1,81,EE320,2,1,65,,
ma5045@nittany.edu,CMPSC221,2,1,65,CMPSC465,2,1,87,CHEM111,1,1,81,,
mc4696@nittany.edu,STAT414,2,1,80,CMPSC465,2,1,69,STAT319,1,1,88,,
rs3973@nittany.edu,IST110,1,1,64,CMPEN351,2,1,97,CMPSC465,2,1,79,,
my7428@nittany.edu,IST558,2,1,92,CMPSC497,1,1,62,PHYS213,1,1,63,,
mv4275@nittany.edu,CMPSC132,1,1,77,ECON102,1,1,93,PHYS213,2,1,80,,
vw5806@nittany.edu,IST110,1,1,65,CMPSC360,1,1,70,STAT414,1,1,73,,
nr4230@nittany.edu,ECON101,2,1,97,DS120,1,1,95,CMPSC360,2,1,73,,
ma3543@nittany.edu,CMPEN441,2,1,74,IST110,1,1,96,EE352,1,1,95,,
mc9149@nittany.edu,EE211,2,1,80,CHEM110,2,1,78,ECON201,1,1,88,,
lg2530@nittany.edu,CSE543,2,1,90,STAT319,1,1,90,CMPEN441,2,1,95,,
sh4671@nittany.edu,CMPEN351,1,1,62,CHEM112,2,1,74,MATH230,2,1,85,,
mt7030@nittany.edu,EE311,2,1,80,CMPEN454,2,1,61,CMPEN431,2,1,83,,
lt3713@nittany.edu,CSE583,1,1,94,ECON101,2,1,61,MATH141,1,1,66,,
jw3861@nittany.edu,CMPSC465,1,1,90,CHEM112,1,1,100,CMPEN431,1,1,75,,
kr4923@nittany.edu,EE211,2,1,60,STAT318,2,1,79,EE352,1,1,73,,
nf6339@nittany.edu,STAT319,2,1,87,CMPSC221,1,1,100,EE210,1,1,67,,
md6319@nittany.edu,IST110,2,1,65,CHEM112,2,1,98,ECON101,1,1,61,,
mb1688@nittany.edu,EE353,2,1,72,CSE583,1,1,91,CMPEN431,2,1,80,,
mk5190@nittany.edu,CMPEN411,2,1,80,IST110,2,1,85,EE352,1,1,71,,
mk3204@nittany.edu,STAT319,1,1,66,ECON101,1,1,90,CMPSC461,1,1,86,,
oc3904@nittany.edu,EE330,1,1,95,CMPEN362,1,1,72,CMPSC448,1,1,72,,
km6627@nittany.edu,CMPSC461,1,1,73,CSE583,1,1,92,CHEM112,1,1,72,,
js6308@nittany.edu,CMPSC221,2,1,77,CMPEN331,2,1,75,CMPSC131,2,1,78,,
jw4897@nittany.edu,EE311,1,1,99,EE330,2,1,90,STAT318,1,1,62,,
vl7715@nittany.edu,CMPSC311,2,1,63,CMPSC448,1,1,93,EE211,1,1,76,,
ph3861@nittany.edu,STAT318,1,1,100,CMPEN411,2,1,100,CMPSC431W,2,1,77,,
md2194@nittany.edu,CMPEN454,1,1,65,CMPSC497,2,1,65,CSE543,2,1,65,,
jh3919@nittany.edu,PHYS214,1,1,97,EE211,1,1,63,EE340,2,1,63,,
mw5114@nittany.edu,EE330,2,1,71,CMPEN431,1,1,60,CMPEN441,1,1,92,,
ld6778@nittany.edu,EE330,1,1,63,CMPSC131,1,1,80,ECON102,2,1,74,,
mc1411@nittany.edu,CSE583,2,1,63,PHYS211,2,1,76,CMPEN454,1,1,78,,
lg7099@nittany.edu,CSE583,1,1,85,EE210,2,1,100,CHEM111,2,1,82,,
mm9659@nittany.edu,CMPSC475,1,1,80,CMPSC360,2,1,65,EE353,1,1,60,,
rc5324@nittany.edu,CSE543,1,1,62,DS120,2,1,62,CMPSC311,1,1,63,,
mz7312@nittany.edu,CMPSC311,1,1,75,ECON101,1,1,87,CHEM110,1,1,67,,
ml5786@nittany.edu,CMPSC461,1,1,83,PHYS212,2,1,61,PHYS213,1,1,70,,
nh2508@nittany.edu,CMPEN362,2,1,75,CMPSC448,2,1,92,CHEM111,2,1,73,,
ms2255@nittany.edu,MATH141,2,1,77,CMPEN411,2,1,60,STAT319,1,1,95,,
mp4954@nittany.edu,CMPSC431W,1,1,97,CMPSC448,1,1,66,EE330,1,1,93,,
lj7790@nittany.edu,MATH140,2,1,97,EE211,2,1,60,CSE543,2,1,65,,
sr7729@nittany.edu,CHEM111,1,1,90,CMPSC497,2,1,76,CHEM112,1,1,77,,
mt8800@nittany.edu,MATH231,1,1,81,CMPSC360,1,1,88,CMPEN431,2,1,77,,
ld6540@nittany.edu,CMPSC497,1,1,63,MATH231,2,1,71,CSE543,1,1,78,,
sv5358@nittany.edu,CMPSC132,2,1,74,EE330,1,1,79,CMPSC475,2,1,60,,
kf8921@nittany.edu,IST558,1,1,96,IST128,2,1,60,STAT319,2,1,80,,
rh4718@nittany.edu,CMPEN441,2,1,67,PHYS213,1,1,72,CSE543,2,1,62,,
vt8578@nittany.edu,EE212,2,1,88,CMPEN362,1,1,71,ECON201,2,1,82,,
lu6872@nittany.edu,STAT319,1,1,93,CMPSC497,2,1,65,DS120,2,1,97,,
lb6520@nittany.edu,EE330,1,1,86,EE210,2,1,75,MATH141,2,1,78,,
kb6941@nittany.edu,CMPEN331,1,1,77,MATH141,1,1,98,PHYS214,2,1,66,,
rv5469@nittany.edu,CMPSC221,1,1,75,IST110,2,1,61,CMPEN431,1,1,67,,
ml7975@nittany.edu,CSE543,1,1,72,CHEM110,2,1,94,IST558,1,1,99,,
mj4880@nittany.edu,STAT319,2,1,83,EE311,1,1,73,CMPEN331,2,1,83,,
jf9661@nittany.edu,EE340,2,1,73,MATH141,2,1,60,EE210,2,1,76,,
lt8366@nittany.edu,CMPSC311,2,1,81,IST110,2,1,64,MATH230,1,1,68,,
js7099@nittany.edu,CMPSC132,2,1,99,CMPEN362,1,1,78,CMPEN331,1,1,86,,
rf2661@nittany.edu,CMPSC221,2,1,90,PHYS211,1,1,71,STAT414,2,1,73,,
js8165@nittany.edu,EE352,1,1,66,STAT318,1,1,97,EE330,2,1,68,,
kk3115@nittany.edu,CHEM110,1,1,64,CMPEN331,1,1,94,EE211,1,1,100,,
mr4635@nittany.edu,EE330,1,1,79,CMPEN411,2,1,93,EE320,2,1,81,,
ve8889@nittany.edu,EE330,1,1,81,CSE543,2,1,84,CSE583,1,1,73,,
ml3983@nittany.edu,CMPEN454,2,1,87,CMPSC461,1,1,65,CMPSC311,1,1,72,,
ld8065@nittany.edu,CMPEN270,1,1,92,IST128,2,1,85,CMPSC131,2,1,76,,
jk4403@nittany.edu,DS220,2,1,82,CMPSC497,1,1,85,EE352,1,1,66,,
in2805@nittany.edu,EE212,2,1,94,EE320,2,1,74,STAT415,1,1,83,,
pb8346@nittany.edu,CMPEN362,2,1,82,EE320,1,1,97,MATH230,2,1,84,,
rf1782@nittany.edu,PHYS213,2,1,95,MATH231,1,1,72,EE320,2,1,79,,
mn6721@nittany.edu,EE211,2,1,75,MATH230,1,1,60,CMPSC311,2,1,88,,
sm6043@nittany.edu,CMPEN351,1,1,61,EE311,2,1,95,DS220,2,1,62,,
lj2224@nittany.edu,DS220,2,1,60,CMPEN431,2,1,80,MATH141,2,1,87,,
wr3515@nittany.edu,CMPSC221,1,1,93,MATH230,2,1,80,STAT414,2,1,83,,
wl5243@nittany.edu,EE212,1,1,74,ECON102,2,1,78,MATH140,1,1,89,,
jr8665@nittany.edu,CMPSC131,2,1,66,CHEM112,2,1,98,CMPEN454,2,1,68,,
ns1210@nittany.edu,CMPEN441,2,1,96,CMPEN351,2,1,69,EE330,2,1,93,,
ms6173@nittany.edu,MATH141,2,1,64,CMPSC311,2,1,76,PHYS212,1,1,71,,
na8379@nittany.edu,EE212,2,1,84,CMPEN431,2,1,69,CMPSC131,1,1,74,,
ls6337@nittany.edu,CMPSC132,2,1,87,CMPEN331,2,1,95,EE212,1,1,96,,
sm9645@nittany.edu,CMPSC465,1,1,89,IST110,2,1,86,EE212,1,1,93,,
rr8243@nittany.edu,CSE583,1,1,91,EE320,1,1,82,CMPSC132,1,1,90,,
lw4369@nittany.edu,STAT318,2,1,81,ECON201,1,1,96,EE210,1,1,64,,
il3541@nittany.edu,PHYS211,1,1,88,EE352,2,1,74,CMPEN270,2,1,83,,
mg8505@nittany.edu,CHEM112,2,1,62,EE340,1,1,81,EE212,1,1,87,,
mo1186@nittany.edu,ECON101,2,1,77,EE311,1,1,62,CMPSC311,1,1,60,,
pw1726@nittany.edu,CMPSC465,2,1,77,CMPEN454,1,1,62,EE330,1,1,71,,
lm6031@nittany.edu,CMPEN351,2,1,99,ECON201,1,1,88,ECON102,1,1,82,,
mj6359@nittany.edu,IST558,2,1,92,PHYS211,2,1,61,CMPSC448,1,1,90,,
pc8832@nittany.edu,PHYS213,2,1,70,CMPEN270,2,1,96,CMPEN431,2,1,62,,
mf8214@nittany.edu,CMPEN351,1,1,90,CHEM111,2,1,96,EE330,1,1,65,,
jb5052@nittany.edu,MATH230,2,1,71,CMPSC360,1,1,89,CMPSC497,1,1,63,,
ma8938@nittany.edu,CSE543,2,1,85,ECON201,2,1,96,MATH230,2,1,62,,
lf4727@nittany.edu,CHEM112,2,1,63,CMPEN331,1,1,84,CHEM111,1,1,77,,
jh1874@nittany.edu,EE210,2,1,92,CSE583,1,1,66,CMPSC448,1,1,83,,
rb6281@nittany.edu,EE210,1,1,85,EE212,2,1,82,CMPEN270,2,1,98,,
mr5864@nittany.edu,CMPSC465,1,1,100,ECON102,2,1,83,CHEM110,1,1,81,,
ml6213@nittany.edu,CMPSC431W,2,1,65,ECON102,2,1,91,MATH230,2,1,71,,
mk7773@nittany.edu,EE330,1,1,80,CHEM112,2,1,61,EE211,2,1,62,,
nc8172@nittany.edu,CMPSC131,1,1,83,EE320,2,1,100,PHYS211,2,1,73,,
mj5914@nittany.edu,PHYS212,2,1,62,CMPEN441,1,1,79,MATH230,1,1,83,,
me2148@nittany.edu,ECON102,2,1,81,EE311,2,1,70,CMPEN454,1,1,96,,
mk8847@nittany.edu,MATH140,2,1,69,MATH141,2,1,72,EE340,1,1,93,,
my3786@nittany.edu,CMPSC311,1,1,97,CMPSC465,1,1,77,STAT319,1,1,100,,
jm3669@nittany.edu,ECON201,2,1,76,ECON102,2,1,90,CHEM111,2,1,90,,
uf7067@nittany.edu,EE210,1,1,82,MATH230,1,1,97,ECON101,1,1,91,,
mr2575@nittany.edu,ECON102,2,1,62,EE311,1,1,94,MATH231,2,1,64,,
mb3709@nittany.edu,IST128,1,1,61,CMPEN331,2,1,84,EE340,2,1,97,,
jk4409@nittany.edu,EE353,1,1,66,CMPEN441,1,1,81,CHEM111,2,1,63,,
ys9174@nittany.edu,CMPEN431,2,1,70,EE212,1,1,100,IST558,1,1,86,,
rf1538@nittany.edu,ECON201,2,1,80,PHYS214,2,1,78,CMPSC221,1,1,70,,
no6118@nittany.edu,CHEM110,2,1,79,EE311,2,1,68,PHYS214,1,1,74,,
lc4994@nittany.edu,EE320,2,1,62,EE210,2,1,73,CSE543,1,1,68,,
oh8195@nittany.edu,CMPEN351,1,1,90,MATH231,2,1,74,CSE543,1,1,60,,
jc2471@nittany.edu,CMPSC221,2,1,96,CMPSC132,2,1,75,EE352,2,1,83,,
mm3162@nittany.edu,CMPSC448,2,1,98,ECON102,1,1,74,EE210,2,1,70,,
jh7997@nittany.edu,CHEM111,2,1,80,PHYS214,1,1,92,DS120,2,1,91,,
ik6824@nittany.edu,CSE583,2,1,67,PHYS213,2,1,66,CMPEN351,2,1,97,,
tk5748@nittany.edu,EE210,1,1,95,STAT319,2,1,82,CMPSC132,1,1,95,,
ts1830@nittany.edu,CMPSC360,2,1,77,CMPSC497,1,1,92,EE210,1,1,85,,
kr6619@nittany.edu,STAT318,2,1,60,IST110,1,1,78,STAT319,1,1,82,,
rk2653@nittany.edu,CMPEN411,2,1,63,STAT318,1,1,60,STAT319,2,1,84,,
sg4622@nittany.edu,ECON101,1,1,79,CMPSC221,1,1,71,EE320,2,1,89,,
jl3236@nittany.edu,ECON101,2,1,66,CMPSC360,2,1,99,PHYS213,2,1,84,,
kh1826@nittany.edu,PHYS214,1,1,71,EE210,1,1,97,MATH140,1,1,69,,
me2596@nittany.edu,MATH231,1,1,89,CMPSC497,1,1,89,EE311,2,1,97,,
jl9851@nittany.edu,STAT414,1,1,83,CMPEN270,1,1,69,EE211,1,1,85,,
sw7724@nittany.edu,MATH231,2,1,83,PHYS212,1,1,77,CSE583,1,1,90,,
kh5883@nittany.edu,CSE543,2,1,61,PHYS212,1,1,75,CMPSC132,2,1,71,,
mn2842@nittany.edu,CMPEN331,1,1,80,EE353,1,1,88,PHYS212,2,1,68,,
mt7911@nittany.edu,CMPSC465,1,1,82,ECON102,2,1,61,CMPSC132,2,1,87,,
pf6936@nittany.edu,IST128,2,1,62,CMPSC465,2,1,63,CMPEN331,1,1,60,,
mc8336@nittany.edu,CMPEN441,2,1,65,CMPSC497,2,1,84,CMPEN362,2,1,99,,
mv1311@nittany.edu,CHEM112,1,1,83,EE353,2,1,77,MATH231,2,1,69,,
kk2666@nittany.edu,CMPSC497,1,1,97,MATH231,2,1,67,CSE583,2,1,94,,
ok7520@nittany.edu,IST558,2,1,70,STAT319,2,1,60,ECON201,1,1,100,,
mt3151@nittany.edu,CHEM111,2,1,95,STAT318,1,1,96,CHEM110,1,1,76,,
lb8326@nittany.edu,CMPEN441,1,1,87,CSE583,1,1,81,EE352,2,1,98,,
lh1031@nittany.edu,CMPSC132,1,1,66,CMPSC131,1,1,87,CSE583,1,1,66,,
mn1239@nittany.edu,PHYS211,2,1,68,CHEM111,1,1,67,PHYS212,2,1,70,,
ka1472@nittany.edu,CMPSC475,2,1,99,MATH231,1,1,97,EE211,2,1,80,,
tt1799@nittany.edu,CMPSC131,2,1,68,CMPSC360,2,1,69,CMPSC461,1,1,66,,
mr5565@nittany.edu,EE311,2,1,64,STAT414,2,1,80,EE353,1,1,78,,
ma6036@nittany.edu,DS120,1,1,100,EE210,1,1,84,CMPEN441,2,1,93,,
mr9406@nittany.edu,CMPEN411,2,1,96,EE212,1,1,99,PHYS211,1,1,65,,
os4077@nittany.edu,CMPSC131,2,1,76,EE330,2,1,66,MATH141,2,1,94,,
mi6642@nittany.edu,PHYS213,2,1,92,IST558,1,1,95,CSE543,2,1,93,,
mj1523@nittany.edu,CMPEN351,2,1,85,CHEM110,1,1,100,CMPEN270,1,1,75,,
pw7815@nittany.edu,CMPSC475,2,1,89,CMPSC132,1,1,68,CMPEN411,1,1,79,,
jo5683@nittany.edu,STAT319,1,1,81,IST128,2,1,62,CMPSC360,1,1,72,,
kl1348@nittany.edu,CMPSC497,2,1,80,STAT319,1,1,91,CMPSC461,1,1,81,,
ns2358@nittany.edu,CMPSC465,1,1,85,PHYS211,2,1,88,STAT415,2,1,100,,
vr4622@nittany.edu,MATH231,1,1,60,IST558,2,1,100,IST128,1,1,89,,
mk1572@nittany.edu,ECON102,1,1,91,STAT318,1,1,69,CMPEN441,2,1,82,,
ts5040@nittany.edu,IST558,2,1,75,ECON101,2,1,95,MATH141,1,1,77,,
mj1117@nittany.edu,ECON101,1,1,73,MATH141,2,1,71,EE340,2,1,79,,
kp5214@nittany.edu,STAT415,2,1,96,EE330,2,1,80,MATH141,1,1,93,,
me4221@nittany.edu,MATH231,2,1,93,CMPSC448,2,1,95,EE311,2,1,98,,
lh8743@nittany.edu,EE211,2,1,76,CMPSC475,1,1,85,EE353,1,1,86,,
ka6770@nittany.edu,EE352,2,1,87,DS120,2,1,76,CHEM111,2,1,60,,
wa5135@nittany.edu,CHEM112,2,1,69,EE211,2,1,84,CMPEN431,2,1,94,,
la7071@nittany.edu,DS220,2,1,82,STAT318,1,1,85,PHYS212,2,1,71,,
kl9753@nittany.edu,CHEM110,2,1,65,STAT318,1,1,66,EE211,1,1,68,,
jh3336@nittany.edu,CMPEN362,1,1,68,EE211,1,1,71,MATH141,2,1,92,,
sb1972@nittany.edu,IST110,2,1,99,EE211,2,1,90,CMPEN351,2,1,74,,
kb3574@nittany.edu,MATH230,1,1,61,CMPSC448,1,1,78,CSE583,2,1,62,,
lv3076@nittany.edu,PHYS211,2,1,91,CMPEN411,2,1,84,STAT415,2,1,89,,
mt4811@nittany.edu,CMPEN431,2,1,88,PHYS214,2,1,95,EE210,1,1,98,,
zp7831@nittany.edu,STAT318,1,1,93,CMPSC360,1,1,91,IST128,1,1,70,,
mr1020@nittany.edu,CMPSC465,2,1,93,EE211,2,1,100,CMPEN351,2,1,96,,
ws6593@nittany.edu,CMPSC465,2,1,90,STAT318,2,1,65,CMPSC448,2,1,89,,
lw8769@nittany.edu,PHYS211,2,1,63,EE311,2,1,74,CMPEN270,1,1,80,,
ms6765@nittany.edu,CHEM112,1,1,61,STAT414,2,1,98,EE212,2,1,86,,
mj9606@nittany.edu,IST558,1,1,80,CHEM112,2,1,71,EE352,1,1,68,,
jc4011@nittany.edu,ECON101,1,1,93,CMPEN331,1,1,91,CMPSC132,1,1,75,,
mj5224@nittany.edu,STAT415,1,1,90,CMPSC221,1,1,78,CMPEN454,2,1,100,,
jz6925@nittany.edu,CMPEN411,2,1,68,STAT414,2,1,81,CMPSC461,2,1,73,,
vo6259@nittany.edu,CSE543,2,1,67,CMPSC497,2,1,94,CMPEN351,2,1,60,,
ks3998@nittany.edu,CMPEN362,1,1,62,ECON102,2,1,67,PHYS211,2,1,82,,
mt3231@nittany.edu,IST558,2,1,93,CMPSC475,2,1,100,CMPSC132,2,1,86,,
ws8716@nittany.edu,MATH231,1,1,66,EE311,1,1,63,EE353,2,1,76,,
md7627@nittany.edu,DS220,1,1,86,CMPEN454,1,1,78,CMPSC465,1,1,97,,
th2610@nittany.edu,CSE583,2,1,89,CHEM111,2,1,100,PHYS212,1,1,95,,
mh8661@nittany.edu,ECON102,1,1,76,CMPEN454,2,1,75,ECON201,2,1,85,,
vk8864@nittany.edu,IST558,2,1,85,EE340,1,1,73,CMPSC131,1,1,86,,
mh3437@nittany.edu,EE311,1,1,84,EE212,2,1,69,CMPSC461,1,1,76,,
ww9231@nittany.edu,PHYS211,2,1,74,CHEM112,1,1,86,CMPSC431W,2,1,69,,
mk1676@nittany.edu,EE311,1,1,99,STAT318,1,1,77,CMPEN411,2,1,76,,
ub9586@nittany.edu,MATH141,2,1,73,PHYS212,2,1,61,EE210,1,1,67,,
lh6961@nittany.edu,STAT415,2,1,82,EE212,1,1,77,PHYS214,1,1,98,,
kf5693@nittany.edu,IST128,1,1,77,CSE543,1,1,67,ECON102,2,1,62,,
sb2082@nittany.edu,CHEM112,1,1,93,EE352,1,1,77,CMPSC431W,2,1,100,,
mn2870@nittany.edu,IST110,2,1,74,CMPSC448,1,1,87,CMPSC311,1,1,61,,
ug5112@nittany.edu,CMPEN454,1,1,75,STAT415,1,1,87,CHEM110,2,1,90,,
tk1529@nittany.edu,EE211,1,1,81,EE311,2,1,61,CHEM110,1,1,66,,
ib2806@nittany.edu,EE320,1,1,86,STAT318,1,1,78,ECON101,2,1,87,,
os7226@nittany.edu,PHYS214,2,1,88,CMPSC465,2,1,100,CHEM112,2,1,90,,
ne9599@nittany.edu,CHEM112,1,1,86,CSE543,2,1,78,ECON101,2,1,96,,
vg5084@nittany.edu,CMPEN331,2,1,82,EE212,2,1,92,MATH140,1,1,79,,
mr5670@nittany.edu,CMPSC431W,1,1,96,PHYS211,2,1,90,EE211,2,1,75,,
km6416@nittany.edu,ECON101,2,1,74,PHYS211,1,1,65,CMPSC311,1,1,64,,
sj7472@nittany.edu,EE211,1,1,74,DS220,1,1,64,EE340,1,1,62,,
wr1679@nittany.edu,EE320,2,1,65,MATH140,2,1,79,CMPSC461,2,1,89,,
mr8602@nittany.edu,CMPEN351,2,1,86,EE212,1,1,75,MATH231,2,1,91,,
ma8046@nittany.edu,CMPEN454,2,1,81,CMPSC475,2,1,97,CMPSC461,2,1,95,,
mg1007@nittany.edu,EE320,1,1,91,EE210,2,1,79,DS120,1,1,62,,
lh3004@nittany.edu,STAT415,2,1,92,CMPSC431W,2,1,62,IST128,1,1,84,,
zr6066@nittany.edu,EE340,1,1,72,EE352,2,1,85,IST110,1,1,96,,
jg5906@nittany.edu,MATH141,1,1,64,CMPEN431,2,1,80,CMPEN270,1,1,78,,
ok5696@nittany.edu,MATH141,2,1,90,CHEM112,2,1,80,EE340,1,1,64,,
mw5391@nittany.edu,CMPSC132,1,1,93,STAT319,1,1,75,CMPEN362,2,1,83,,
sm5970@nittany.edu,CMPSC131,1,1,92,ECON201,1,1,74,CHEM112,1,1,96,,
mn6897@nittany.edu,CMPEN431,1,1,64,EE340,2,1,65,IST110,1,1,96,,
rm8553@nittany.edu,CMPSC311,2,1,78,IST128,2,1,99,CMPSC431W,1,1,93,,
jl5459@nittany.edu,CMPEN362,2,1,80,EE352,2,1,76,CMPEN270,1,1,77,,
ml1743@nittany.edu,PHYS213,1,1,78,CSE583,2,1,92,CHEM112,1,1,68,,
ph1773@nittany.edu,STAT318,2,1,76,EE311,2,1,96,DS220,2,1,60,,
ma8953@nittany.edu,ECON201,1,1,98,EE210,1,1,96,CMPEN431,1,1,80,,
pp2997@nittany.edu,CMPSC221,1,1,70,IST558,2,1,71,MATH140,1,1,61,,
vk7408@nittany.edu,PHYS212,1,1,84,CHEM112,1,1,77,PHYS211,1,1,81,,
ro9937@nittany.edu,ECON102,1,1,95,CMPSC475,2,1,83,PHYS213,2,1,94,,
tf2405@nittany.edu,CMPSC431W,1,1,100,IST110,2,1,71,IST128,1,1,93,,
pm3642@nittany.edu,CMPSC465,2,1,94,CMPSC431W,2,1,69,CMPSC221,1,1,96,,
kr9949@nittany.edu,MATH231,2,1,64,CMPEN441,1,1,100,EE352,1,1,99,,
mt2086@nittany.edu,CMPEN362,1,1,63,PHYS213,1,1,69,CMPSC360,1,1,81,,
tw6502@nittany.edu,PHYS211,2,1,77,PHYS214,1,1,65,PHYS212,2,1,86,,
ol7450@nittany.edu,CMPEN270,2,1,77,CMPEN454,1,1,70,CMPEN411,1,1,84,,
jw6319@nittany.edu,CMPSC431W,1,1,76,CMPSC475,2,1,81,CMPSC360,2,1,75,,
ok8829@nittany.edu,EE210,2,1,83,CSE543,1,1,86,ECON102,1,1,82,,
ps1087@nittany.edu,EE210,1,1,84,STAT414,1,1,63,CHEM110,2,1,70,,
mp7952@nittany.edu,CMPEN454,1,1,86,EE320,1,1,86,EE353,2,1,100,,
sm5549@nittany.edu,STAT415,2,1,69,EE211,1,1,75,EE311,1,1,87,,
td2477@nittany.edu,EE210,2,1,82,IST558,2,1,81,IST128,1,1,86,,
sm8842@nittany.edu,CMPSC360,2,1,98,PHYS212,1,1,82,EE211,2,1,82,,
jp5962@nittany.edu,ECON102,2,1,86,DS220,2,1,61,DS120,1,1,75,,
mg1791@nittany.edu,EE311,2,1,95,CMPSC311,1,1,84,CMPEN441,2,1,84,,
sg1979@nittany.edu,ECON102,2,1,63,EE340,1,1,78,EE353,2,1,92,,
lo3428@nittany.edu,IST128,2,1,76,PHYS211,2,1,60,MATH231,2,1,61,,
ml7753@nittany.edu,CMPEN454,2,1,61,CMPEN431,2,1,83,CMPSC448,2,1,67,,
js3927@nittany.edu,CSE543,2,1,65,IST128,1,1,82,DS220,2,1,87,,
me9897@nittany.edu,CMPSC221,2,1,60,CMPSC465,1,1,92,EE352,1,1,65,,
mb5390@nittany.edu,CMPSC431W,2,1,76,CMPEN270,1,1,86,CMPSC131,1,1,85,,
sg4417@nittany.edu,MATH141,1,1,96,EE353,2,1,63,EE320,2,1,100,,
lt7103@nittany.edu,CSE583,1,1,69,CMPSC221,2,1,82,CMPSC448,2,1,67,,
pt3035@nittany.edu,STAT414,2,1,86,CMPEN454,1,1,83,EE211,2,1,82,,
wc1418@nittany.edu,PHYS211,1,1,92,ECON102,1,1,86,EE340,1,1,74,,
mm2047@nittany.edu,CMPEN270,1,1,60,CMPEN351,2,1,90,CMPSC461,1,1,81,,
ma4242@nittany.edu,EE353,2,1,97,PHYS214,2,1,80,MATH231,2,1,95,,
jn3590@nittany.edu,MATH141,1,1,80,CMPSC475,1,1,90,EE352,2,1,82,,
mh4972@nittany.edu,CMPSC475,1,1,98,CMPEN270,1,1,97,IST558,2,1,100,,
jh3004@nittany.edu,CHEM112,1,1,82,CMPSC311,1,1,69,PHYS211,1,1,79,,
sp7638@nittany.edu,CMPSC465,2,1,63,CMPSC311,1,1,100,STAT414,1,1,71,,
vn4576@nittany.edu,CMPEN441,2,1,94,CMPEN454,2,1,61,STAT318,2,1,95,,
mj2446@nittany.edu,CHEM111,2,1,74,ECON201,1,1,66,EE211,1,1,100,,
mh9005@nittany.edu,CSE543,2,1,96,IST558,2,1,65,CMPSC360,1,1,71,,
mp5777@nittany.edu,EE210,1,1,83,STAT415,2,1,90,CMPSC465,1,1,94,,
mj1886@nittany.edu,MATH141,2,1,80,CMPEN331,2,1,97,STAT319,2,1,72,,
mp5980@nittany.edu,PHYS211,2,1,79,EE212,1,1,89,CMPSC475,2,1,60,,
mr7087@nittany.edu,CHEM110,2,1,69,ECON102,1,1,95,CHEM111,2,1,100,,
kk1267@nittany.edu,EE320,1,1,62,EE353,1,1,71,PHYS212,1,1,82,,
jm7206@nittany.edu,CMPSC497,1,1,91,STAT414,1,1,74,CMPEN270,2,1,84,,
mm8916@nittany.edu,EE212,1,1,72,CMPEN351,1,1,77,PHYS211,2,1,88,,
jr1301@nittany.edu,CHEM111,1,1,85,PHYS211,2,1,75,EE311,1,1,86,,
rq8420@nittany.edu,CMPEN362,1,1,90,MATH141,2,1,66,PHYS212,2,1,97,,
tf8025@nittany.edu,CMPSC221,1,1,74,CHEM110,1,1,89,STAT415,1,1,82,,
ob6043@nittany.edu,IST558,1,1,60,EE311,2,1,77,STAT319,1,1,94,,
jd3188@nittany.edu,PHYS214,2,1,71,CMPSC431W,1,1,78,PHYS212,1,1,88,,
nb5135@nittany.edu,CMPEN454,2,1,81,EE330,1,1,72,IST110,1,1,100,,
js4888@nittany.edu,STAT415,2,1,81,EE353,2,1,62,EE210,1,1,67,,
mt1283@nittany.edu,STAT415,2,1,96,CMPSC431W,2,1,74,CMPSC131,1,1,89,,
tb4699@nittany.edu,EE353,1,1,76,CHEM111,2,1,90,CSE543,1,1,81,,
jf5072@nittany.edu,EE340,2,1,67,EE311,1,1,60,STAT318,1,1,77,,
mj8109@nittany.edu,EE352,1,1,66,MATH231,2,1,76,CSE583,1,1,83,,
sl8096@nittany.edu,CHEM110,2,1,96,ECON102,1,1,73,CMPEN362,2,1,84,,
wg1476@nittany.edu,IST128,2,1,96,DS220,1,1,66,CMPSC221,2,1,60,,
lb1184@nittany.edu,STAT319,1,1,91,IST558,2,1,62,CMPEN362,1,1,72,,
kw1043@nittany.edu,CMPEN411,2,1,78,CSE543,1,1,78,CSE583,2,1,71,,
ld4137@nittany.edu,CMPSC431W,2,1,75,CMPEN362,1,1,74,IST110,1,1,85,,
nb2686@nittany.edu,CMPEN411,1,1,87,STAT415,1,1,94,CMPEN441,2,1,83,,
rk8121@nittany.edu,EE320,2,1,60,CMPSC132,2,1,81,CMPSC448,1,1,81,,
vp6083@nittany.edu,DS120,1,1,60,STAT415,2,1,64,CHEM111,1,1,79,,
mb7672@nittany.edu,MATH140,2,1,92,IST128,2,1,66,CMPEN331,2,1,78,,
rh9618@nittany.edu,EE352,1,1,83,EE340,1,1,70,CMPEN441,2,1,95,,
lw7685@nittany.edu,MATH230,2,1,93,CMPEN431,2,1,89,CSE583,1,1,98,,
me6698@nittany.edu,STAT415,2,1,70,EE210,2,1,66,EE211,1,1,71,,
mp7693@nittany.edu,CMPSC465,1,1,61,CMPEN331,2,1,74,CSE583,2,1,97,,
us6442@nittany.edu,CMPSC475,2,1,82,CMPSC360,2,1,66,MATH140,1,1,84,,
ma9983@nittany.edu,MATH140,2,1,76,ECON101,1,1,75,IST128,1,1,78,,
mk7105@nittany.edu,CMPSC132,1,1,91,EE311,2,1,75,IST128,1,1,71,,
ma3822@nittany.edu,MATH141,2,1,90,CMPSC497,1,1,71,ECON201,2,1,92,,
vy1999@nittany.edu,STAT319,2,1,92,PHYS213,1,1,73,IST558,2,1,94,,
lw8160@nittany.edu,EE311,2,1,83,CSE543,2,1,66,ECON102,1,1,91,,
nm4783@nittany.edu,IST558,1,1,87,CMPSC475,2,1,84,CMPEN431,1,1,77,,
nb4212@nittany.edu,STAT319,2,1,72,CHEM110,2,1,76,EE320,2,1,63,,
ms9882@nittany.edu,EE340,2,1,98,CMPEN331,2,1,94,EE352,1,1,72,,
mk2377@nittany.edu,CMPSC448,1,1,88,CMPSC461,2,1,62,CMPSC360,1,1,67,,
rw1366@nittany.edu,ECON102,2,1,93,ECON101,1,1,79,DS120,1,1,89,,
mr5319@nittany.edu,CMPEN441,1,1,98,PHYS214,2,1,72,STAT319,1,1,92,,
kz9097@nittany.edu,IST110,2,1,64,CMPSC131,2,1,94,EE211,2,1,80,,
ml7288@nittany.edu,IST128,1,1,87,CMPSC131,1,1,95,PHYS213,1,1,99,,
jd5932@nittany.edu,CMPSC311,1,1,71,CHEM111,1,1,93,CHEM112,1,1,100,,
lk1182@nittany.edu,EE210,1,1,92,EE340,1,1,77,STAT319,2,1,76,,
jk1331@nittany.edu,EE353,1,1,95,MATH230,1,1,60,EE211,1,1,60,,
jw9436@nittany.edu,STAT415,2,1,97,MATH140,2,1,65,EE330,1,1,66,,
zw5425@nittany.edu,CMPEN454,2,1,63,STAT415,2,1,88,IST110,2,1,66,,
jk5021@nittany.edu,CMPSC465,1,1,68,CMPSC360,1,1,94,CMPEN270,1,1,82,,
mn1003@nittany.edu,EE311,2,1,89,CMPEN411,2,1,76,IST128,1,1,93,,
ph8799@nittany.edu,EE311,1,1,98,PHYS211,1,1,85,STAT319,2,1,61,,
jl8774@nittany.edu,CMPEN351,1,1,69,CSE583,2,1,79,CMPEN331,1,1,88,,
mj7408@nittany.edu,CMPEN351,2,1,67,CMPEN454,2,1,64,CMPSC448,2,1,73,,
ns6501@nittany.edu,CSE543,1,1,80,IST558,2,1,63,CMPEN431,1,1,99,,
lr5589@nittany.edu,EE311,2,1,83,EE330,2,1,88,CMPEN270,1,1,89,,
me5409@nittany.edu,CMPSC431W,1,1,99,EE212,1,1,83,CMPSC131,1,1,85,,
mc9096@nittany.edu,CHEM110,2,1,60,EE210,1,1,74,CMPSC497,2,1,93,,
jk4116@nittany.edu,CHEM110,1,1,65,CMPSC131,1,1,70,ECON102,2,1,71,,
kb9285@nittany.edu,STAT414,2,1,84,DS120,2,1,61,EE212,1,1,60,,
kq6968@nittany.edu,MATH231,1,1,89,STAT415,2,1,71,CMPEN441,2,1,79,,
mj6957@nittany.edu,CMPEN454,2,1,92,STAT414,2,1,96,IST128,2,1,65,,
tp4444@nittany.edu,CMPSC221,1,1,81,STAT415,2,1,71,DS120,1,1,62,,
me6706@nittany.edu,CMPEN270,1,1,72,STAT415,2,1,85,EE212,1,1,98,,
kb8171@nittany.edu,IST110,2,1,86,CMPSC132,2,1,60,CMPSC475,2,1,62,,
sr6321@nittany.edu,EE210,1,1,84,DS220,2,1,83,CMPSC475,1,1,87,,
jh1737@nittany.edu,STAT319,2,1,100,MATH231,1,1,98,DS120,2,1,77,,
sp1616@nittany.edu,CSE583,2,1,66,CMPSC448,2,1,69,PHYS211,2,1,86,,
pm4249@nittany.edu,MATH140,1,1,67,CMPEN441,2,1,85,STAT318,1,1,84,,
tl1139@nittany.edu,DS220,2,1,90,STAT319,1,1,63,IST558,1,1,72,,
im1645@nittany.edu,CMPSC475,2,1,92,CMPSC497,1,1,96,MATH230,2,1,79,,
sd6073@nittany.edu,CMPEN351,2,1,87,EE320,2,1,88,MATH140,1,1,99,,
po7371@nittany.edu,CMPSC448,1,1,96,STAT415,1,1,92,MATH230,1,1,100,,
wo4044@nittany.edu,CMPSC465,1,1,92,EE311,2,1,97,DS120,2,1,70,,
mc4662@nittany.edu,ECON201,1,1,95,MATH141,1,1,82,MATH231,1,1,73,,
mm9624@nittany.edu,CHEM110,2,1,93,CMPEN454,2,1,64,PHYS211,1,1,87,,
nb6183@nittany.edu,CMPSC475,1,1,71,CMPEN331,2,1,98,CSE583,2,1,70,,
mm4674@nittany.edu,EE353,1,1,63,MATH141,2,1,61,MATH231,2,1,92,,
vh5298@nittany.edu,EE210,2,1,99,STAT319,1,1,70,CHEM110,1,1,93,,
mi2648@nittany.edu,CMPSC465,2,1,96,DS120,2,1,91,PHYS213,2,1,70,,
js3229@nittany.edu,CMPEN331,2,1,81,MATH140,2,1,97,EE352,1,1,90,,
mt2801@nittany.edu,EE210,1,1,68,STAT319,1,1,87,STAT415,1,1,91,,
oh9599@nittany.edu,EE330,2,1,64,EE352,2,1,95,ECON102,1,1,65,,
jb9306@nittany.edu,CHEM112,2,1,94,CMPSC311,1,1,65,EE212,1,1,68,,
jc1462@nittany.edu,CMPSC431W,2,1,63,STAT318,1,1,80,PHYS211,2,1,89,,
ks1926@nittany.edu,CMPSC311,2,1,92,CMPSC131,1,1,75,DS220,2,1,97,,
sb5646@nittany.edu,CMPEN362,2,1,86,EE330,1,1,84,CMPSC461,1,1,96,,
mr3116@nittany.edu,CHEM111,2,1,86,CMPEN454,2,1,80,CMPEN351,1,1,96,,
sn9491@nittany.edu,EE311,2,1,61,CMPEN351,1,1,64,CMPSC131,1,1,85,,
mg7684@nittany.edu,CHEM111,1,1,60,CMPSC497,2,1,81,STAT414,1,1,72,,
or2228@nittany.edu,STAT414,1,1,74,CMPEN411,2,1,72,STAT319,1,1,91,,
md6611@nittany.edu,CMPEN331,1,1,68,MATH140,1,1,91,CMPSC497,1,1,90,,
jk4027@nittany.edu,DS120,1,1,71,DS220,2,1,65,CMPSC221,1,1,90,,
kd4323@nittany.edu,CMPSC475,2,1,61,CMPSC132,1,1,77,DS120,1,1,61,,
mo4621@nittany.edu,STAT319,1,1,82,CHEM111,1,1,92,CMPSC360,2,1,61,,
mg4093@nittany.edu,CSE543,1,1,87,PHYS211,1,1,87,STAT319,2,1,70,,
nm3617@nittany.edu,STAT414,2,1,75,PHYS212,1,1,95,CMPSC475,2,1,72,,
sr9640@nittany.edu,EE330,1,1,78,CMPEN431,2,1,64,EE352,2,1,81,,
mw6081@nittany.edu,CSE583,2,1,75,STAT319,1,1,75,EE340,1,1,68,,
lt8326@nittany.edu,PHYS211,1,1,77,ECON102,2,1,83,EE320,2,1,91,,
mb8575@nittany.edu,CMPSC497,2,1,66,STAT318,2,1,99,CMPEN431,2,1,79,,
sc6597@nittany.edu,CMPEN431,1,1,71,CMPSC311,1,1,93,IST128,1,1,87,,
ma8535@nittany.edu,CMPEN331,1,1,92,ECON101,2,1,69,CMPEN454,1,1,79,,
mb5410@nittany.edu,MATH141,2,1,98,CMPEN441,1,1,60,MATH140,1,1,92,,
tb1810@nittany.edu,EE210,2,1,82,CMPSC465,1,1,91,IST558,1,1,69,,
jg7835@nittany.edu,CMPEN454,1,1,96,MATH141,2,1,99,PHYS212,1,1,62,,
yc8409@nittany.edu,DS220,1,1,79,MATH230,2,1,100,MATH140,2,1,94,,
nl1189@nittany.edu,CMPSC465,2,1,80,IST558,2,1,95,EE212,1,1,100,,
mg8396@nittany.edu,CMPSC475,2,1,99,DS220,1,1,72,ECON102,1,1,83,,
ta4214@nittany.edu,EE340,2,1,62,PHYS212,2,1,62,CMPSC132,1,1,74,,
jc9373@nittany.edu,PHYS211,1,1,98,CMPEN270,2,1,60,CHEM110,1,1,92,,
mr3131@nittany.edu,EE210,1,1,93,ECON101,2,1,77,CMPSC311,1,1,80,,
mj9296@nittany.edu,EE212,2,1,83,CMPSC475,1,1,80,EE352,2,1,87,,
lm8503@nittany.edu,CMPSC131,2,1,89,CMPEN411,2,1,64,CMPSC465,2,1,98,,
mt6337@nittany.edu,ECON201,2,1,94,CHEM112,2,1,92,CMPEN331,1,1,80,,
mo2344@nittany.edu,ECON201,2,1,87,CMPSC131,2,1,78,ECON101,2,1,63,,
ml8317@nittany.edu,MATH141,1,1,100,IST128,1,1,87,CMPSC465,1,1,79,,
mg7641@nittany.edu,CMPEN362,1,1,80,CMPEN351,1,1,84,CHEM112,2,1,64,,
ll6444@nittany.edu,MATH141,1,1,69,MATH140,1,1,66,DS120,2,1,95,,
md1308@nittany.edu,CMPEN362,1,1,62,CMPSC461,1,1,86,CMPSC311,2,1,83,,
jd5592@nittany.edu,CMPSC360,2,1,71,CMPSC448,1,1,61,EE320,2,1,60,,
sk9053@nittany.edu,MATH141,1,1,97,CMPSC448,1,1,62,CHEM112,2,1,91,,
mt1262@nittany.edu,CHEM110,2,1,60,STAT319,1,1,67,EE320,1,1,80,,
mm6682@nittany.edu,CMPSC131,2,1,98,CMPEN441,1,1,97,CMPEN270,2,1,88,,
nw3340@nittany.edu,IST558,1,1,78,CHEM111,1,1,74,CMPEN331,2,1,91,,
td2308@nittany.edu,CMPSC431W,2,1,65,EE352,1,1,61,IST128,2,1,98,,
jw3297@nittany.edu,CMPSC497,1,1,92,PHYS213,1,1,89,STAT415,2,1,69,,
sp1402@nittany.edu,CMPSC221,1,1,99,PHYS214,2,1,88,EE330,1,1,99,,
ml5796@nittany.edu,MATH141,1,1,90,EE330,2,1,62,CMPSC448,1,1,75,,
kc1302@nittany.edu,DS120,2,1,91,CMPEN441,2,1,75,ECON101,2,1,61,,
ld9084@nittany.edu,CHEM112,2,1,70,CMPSC132,1,1,99,IST558,2,1,68,,
oc9232@nittany.edu,IST128,2,1,62,EE311,2,1,61,MATH141,2,1,71,,
ma9716@nittany.edu,EE340,1,1,85,CMPSC431W,1,1,61,EE330,2,1,82,,
jh2181@nittany.edu,MATH231,1,1,76,IST558,1,1,76,MATH140,2,1,75,,
md7018@nittany.edu,CMPEN454,1,1,89,STAT415,2,1,68,CMPEN270,1,1,74,,
rm1496@nittany.edu,CMPEN454,2,1,97,CMPSC465,2,1,74,DS220,2,1,91,,
og7528@nittany.edu,CMPSC475,1,1,77,EE210,1,1,61,ECON101,2,1,69,,
ma8013@nittany.edu,CMPEN351,2,1,72,IST110,2,1,72,ECON201,1,1,60,,
kk5103@nittany.edu,CMPEN411,2,1,66,STAT319,2,1,87,CMPSC360,2,1,79,,
jj6204@nittany.edu,CHEM111,1,1,71,EE340,1,1,85,STAT414,1,1,85,,
lh7203@nittany.edu,CMPEN431,1,1,99,PHYS214,2,1,65,MATH141,2,1,83,,
lr4974@nittany.edu,EE330,2,1,78,ECON201,2,1,89,EE352,1,1,64,,
rr1861@nittany.edu,EE340,2,1,77,STAT319,1,1,70,STAT414,2,1,77,,
xb9185@nittany.edu,CMPSC221,1,1,61,PHYS212,1,1,88,CMPSC461,2,1,96,,
mb2685@nittany.edu,STAT319,1,1,94,CMPSC497,2,1,87,CMPSC221,1,1,71,,
ms6799@nittany.edu,PHYS214,2,1,60,CMPSC431W,2,1,78,CMPEN441,2,1,77,,
lm1111@nittany.edu,EE353,2,1,71,CHEM111,1,1,79,PHYS212,2,1,64,,
ja2479@nittany.edu,EE212,2,1,66,IST110,1,1,69,EE352,2,1,60,,
zo2385@nittany.edu,EE320,2,1,76,CMPSC221,2,1,89,CMPSC475,1,1,91,,
lr8600@nittany.edu,EE212,1,1,87,IST110,1,1,98,CMPSC221,2,1,64,,
kt2960@nittany.edu,ECON102,1,1,86,EE353,1,1,72,EE210,1,1,82,,
lh7173@nittany.edu,CMPSC448,1,1,60,STAT318,1,1,76,CHEM110,1,1,100,,
mj8696@nittany.edu,CMPEN270,2,1,83,ECON201,1,1,90,MATH141,1,1,82,,
mo9119@nittany.edu,CHEM112,1,1,66,CSE583,2,1,74,PHYS213,2,1,96,,
mr4981@nittany.edu,STAT319,1,1,65,CMPSC221,2,1,98,CMPSC461,1,1,73,,
rr3451@nittany.edu,CMPEN411,1,1,65,IST558,2,1,78,IST128,1,1,89,,
se2637@nittany.edu,EE211,2,1,85,DS120,2,1,77,CMPEN270,2,1,66,,
jm7044@nittany.edu,MATH231,1,1,62,PHYS211,2,1,60,IST558,1,1,77,,
zg1956@nittany.edu,DS220,2,1,98,CHEM110,1,1,72,IST110,2,1,71,,
mt7486@nittany.edu,CHEM112,1,1,82,MATH231,1,1,63,DS220,2,1,60,,
kh5965@nittany.edu,DS220,1,1,85,CMPSC475,2,1,100,CSE583,2,1,85,,
rt4621@nittany.edu,CMPSC132,1,1,82,EE311,2,1,88,CHEM112,1,1,89,,
jr8895@nittany.edu,CMPEN454,1,1,92,CMPEN411,2,1,93,CMPSC131,1,1,64,,
mc3632@nittany.edu,EE311,1,1,73,CHEM112,1,1,79,CMPEN270,2,1,66,,
oc9673@nittany.edu,ECON201,2,1,92,CMPSC497,2,1,100,STAT319,1,1,87,,
pp1292@nittany.edu,CMPSC132,2,1,97,STAT318,1,1,79,ECON102,1,1,85,,
sr8161@nittany.edu,MATH141,1,1,67,EE352,1,1,92,CMPEN331,2,1,84,,
mb3501@nittany.edu,PHYS214,2,1,94,EE340,2,1,72,ECON101,2,1,87,,
mt2330@nittany.edu,EE211,2,1,92,EE352,2,1,77,EE210,1,1,61,,
ss2791@nittany.edu,EE210,2,1,79,CMPEN351,1,1,66,MATH140,2,1,75,,
lt1060@nittany.edu,ECON201,1,1,71,CMPSC431W,1,1,83,DS120,1,1,85,,
mm9332@nittany.edu,STAT318,2,1,87,CMPSC497,1,1,79,DS220,2,1,87,,
mk2051@nittany.edu,CMPSC311,1,1,97,EE330,1,1,64,EE353,1,1,98,,
jk9270@nittany.edu,CSE583,1,1,78,MATH141,1,1,71,STAT415,1,1,66,,
lc9556@nittany.edu,CMPSC131,2,1,100,CMPSC497,2,1,83,CMPSC475,1,1,80,,
js1332@nittany.edu,MATH231,1,1,73,STAT318,2,1,63,PHYS212,2,1,95,,
ss5447@nittany.edu,MATH140,2,1,62,ECON101,1,1,80,STAT415,1,1,82,,
ma2722@nittany.edu,PHYS213,2,1,87,PHYS211,2,1,89,DS220,1,1,91,,
sw9710@nittany.edu,CHEM111,1,1,94,CMPSC132,1,1,84,CMPEN411,2,1,63,,
sm6158@nittany.edu,DS120,2,1,64,EE311,2,1,93,CMPEN331,1,1,99,,
ml5064@nittany.edu,EE340,1,1,96,STAT318,1,1,79,CHEM110,2,1,73,,
kh1154@nittany.edu,ECON101,2,1,93,MATH230,2,1,79,EE212,2,1,61,,
kt5956@nittany.edu,CMPSC497,2,1,83,CMPSC475,1,1,97,PHYS214,1,1,61,,
kr9918@nittany.edu,CHEM112,1,1,98,IST558,2,1,64,EE212,2,1,94,,
ko8925@nittany.edu,PHYS213,2,1,94,CMPSC360,2,1,80,CSE583,2,1,96,,
mf6881@nittany.edu,CMPSC311,2,1,72,CMPSC431W,1,1,85,MATH231,1,1,72,,
mk4451@nittany.edu,IST128,2,1,68,CHEM110,2,1,77,CSE583,2,1,85,,
sm5255@nittany.edu,ECON102,2,1,85,MATH231,2,1,71,CMPEN411,1,1,97,,
rb2832@nittany.edu,CMPSC132,1,1,98,CMPEN362,1,1,71,ECON102,2,1,77,,
jr3224@nittany.edu,EE330,1,1,87,ECON101,1,1,62,STAT318,1,1,73,,
kt2050@nittany.edu,EE352,1,1,72,CMPEN270,1,1,66,CSE583,1,1,72,,
wd2661@nittany.edu,CHEM112,2,1,66,CHEM110,2,1,63,EE330,2,1,66,,
rf1975@nittany.edu,CMPSC311,1,1,80,EE311,1,1,79,STAT318,1,1,66,,
mn9410@nittany.edu,CMPEN351,2,1,85,CMPSC475,2,1,86,PHYS213,1,1,94,,
sr4229@nittany.edu,CMPEN270,2,1,77,EE211,2,1,61,DS120,2,1,83,,
tm5315@nittany.edu,ECON201,2,1,99,STAT414,1,1,94,IST110,1,1,79,,
ls2077@nittany.edu,DS220,1,1,65,PHYS214,2,1,92,EE211,1,1,64,,
rr4724@nittany.edu,IST110,2,1,70,CMPSC311,2,1,71,STAT318,1,1,75,,
qj6035@nittany.edu,CMPSC461,1,1,62,PHYS214,1,1,75,CMPSC448,2,1,75,,
jp6334@nittany.edu,ECON101,1,1,78,EE311,2,1,69,MATH140,1,1,61,,
ms6805@nittany.edu,STAT318,2,1,99,CHEM112,1,1,66,CMPEN431,1,1,61,,
sm4829@nittany.edu,CMPEN270,2,1,67,STAT318,1,1,99,CMPEN441,2,1,62,,
mp8264@nittany.edu,CMPSC311,2,1,71,CMPEN270,2,1,84,PHYS212,1,1,60,,
md9837@nittany.edu,CMPEN411,1,1,75,MATH140,2,1,96,CSE543,1,1,83,,
mc9587@nittany.edu,STAT319,2,1,61,DS120,1,1,79,EE352,2,1,98,,
wa5127@nittany.edu,CMPEN351,2,1,82,CMPEN270,1,1,83,EE212,1,1,81,,
mp8748@nittany.edu,CMPSC360,1,1,86,CMPEN431,2,1,86,MATH231,1,1,82,,
vl5929@nittany.edu,CMPSC497,1,1,80,CMPSC448,2,1,78,EE211,1,1,82,,
md8760@nittany.edu,CMPEN362,1,1,96,CMPSC497,2,1,91,PHYS214,2,1,65,,
rh1754@nittany.edu,EE211,1,1,76,CHEM111,1,1,95,CMPSC360,1,1,100,,
mc2699@nittany.edu,CHEM112,2,1,77,CMPEN362,2,1,87,CMPSC311,2,1,84,,
jh9891@nittany.edu,EE212,1,1,60,CSE583,1,1,85,PHYS214,2,1,91,,
iv6531@nittany.edu,CMPEN362,1,1,71,CSE583,2,1,65,CMPSC465,1,1,80,,
ir2135@nittany.edu,PHYS211,1,1,69,EE311,1,1,68,ECON201,2,1,63,,
mr1874@nittany.edu,CHEM110,2,1,67,CMPEN441,2,1,84,ECON102,2,1,85,,
rr7213@nittany.edu,CMPSC448,2,1,94,MATH140,1,1,76,CMPEN431,1,1,82,,
rh6801@nittany.edu,EE353,2,1,61,CSE583,1,1,92,CMPEN454,1,1,68,,
mj1770@nittany.edu,DS120,2,1,96,CHEM111,1,1,81,CHEM110,1,1,70,,
mm6107@nittany.edu,ECON201,1,1,100,STAT319,1,1,75,CMPEN441,1,1,94,,
ma4550@nittany.edu,CMPEN331,2,1,96,CMPSC132,2,1,63,ECON101,1,1,86,,
jm2995@nittany.edu,EE340,2,1,65,CHEM111,2,1,90,ECON102,2,1,98,,
mz7054@nittany.edu,CMPEN362,1,1,98,CMPSC448,2,1,73,STAT318,2,1,60,,
km3504@nittany.edu,CHEM110,1,1,79,CMPSC431W,1,1,93,EE212,1,1,62,,
om9683@nittany.edu,CMPSC221,2,1,71,ECON102,2,1,67,EE352,1,1,85,,
jm6846@nittany.edu,MATH230,2,1,83,CMPSC132,2,1,97,ECON102,1,1,71,,
jk4828@nittany.edu,CMPEN431,1,1,85,CMPEN362,2,1,91,CMPEN270,2,1,78,,
rl4225@nittany.edu,CMPEN362,2,1,84,CMPEN351,1,1,66,ECON201,2,1,84,,
mg8599@nittany.edu,IST128,2,1,83,CHEM111,1,1,83,ECON102,1,1,62,,
lb9630@nittany.edu,DS120,2,1,62,CSE543,1,1,78,CMPSC311,2,1,75,,
pp1200@nittany.edu,PHYS211,2,1,88,CMPSC475,1,1,66,EE340,1,1,64,,
sw4720@nittany.edu,CSE583,1,1,62,STAT415,2,1,85,STAT319,2,1,84,,
lm1801@nittany.edu,DS220,2,1,82,CSE543,1,1,62,MATH230,2,1,75,,
mh9954@nittany.edu,EE211,1,1,80,CMPSC475,1,1,62,PHYS213,1,1,67,,
kw1386@nittany.edu,CMPSC311,2,1,86,CMPEN454,1,1,100,EE330,1,1,91,,
pa6499@nittany.edu,IST558,2,1,98,CHEM110,1,1,68,ECON101,1,1,61,,
sw3767@nittany.edu,EE211,2,1,65,CMPEN331,2,1,65,EE352,2,1,87,,
rl7115@nittany.edu,IST110,2,1,72,CMPSC132,2,1,86,CMPEN331,1,1,95,,
sb4094@nittany.edu,EE211,1,1,88,CSE543,1,1,60,EE352,2,1,73,,
lm3612@nittany.edu,MATH141,1,1,65,EE330,2,1,74,CSE543,2,1,71,,
mm7898@nittany.edu,STAT319,2,1,72,CMPSC461,2,1,84,DS220,1,1,96,,
sd7475@nittany.edu,EE340,1,1,75,STAT319,1,1,61,CMPSC360,2,1,93,,
mz3667@nittany.edu,CHEM110,2,1,84,CSE543,2,1,80,EE330,1,1,85,,
mo1767@nittany.edu,CSE583,1,1,91,MATH230,1,1,75,PHYS213,1,1,100,,
ms1481@nittany.edu,ECON101,2,1,88,STAT414,1,1,65,EE320,1,1,98,,
wr2752@nittany.edu,DS120,2,1,78,EE320,2,1,92,CMPEN362,1,1,99,,
ou9392@nittany.edu,MATH141,1,1,90,CMPSC221,1,1,66,CMPEN331,1,1,68,,
ml9111@nittany.edu,DS220,2,1,72,EE211,2,1,91,PHYS213,1,1,61,,
lh5555@nittany.edu,ECON102,1,1,98,CMPSC448,1,1,63,MATH140,2,1,90,,
rs3074@nittany.edu,CMPEN411,1,1,89,STAT319,2,1,92,CMPEN331,1,1,88,,
mb2986@nittany.edu,STAT319,2,1,90,EE353,2,1,98,MATH141,2,1,78,,
mh2194@nittany.edu,DS120,2,1,86,CMPEN351,1,1,61,CMPEN270,2,1,87,,
sg9224@nittany.edu,ECON201,2,1,95,EE210,2,1,83,CMPSC131,1,1,88,,
sl9147@nittany.edu,CHEM111,2,1,70,CMPSC465,2,1,73,CSE583,1,1,63,,
tz1637@nittany.edu,EE352,2,1,94,CMPSC131,2,1,84,PHYS211,1,1,61,,
bk5477@nittany.edu,ECON102,1,1,83,CMPEN454,2,1,80,CMPEN411,2,1,80,,
af2362@nittany.edu,EE211,2,1,95,CMPSC360,2,1,67,MATH231,2,1,67,,
at5855@nittany.edu,DS120,2,1,87,STAT414,2,1,71,CMPSC475,1,1,67,,
bb2708@nittany.edu,CMPEN441,1,1,89,CMPSC461,1,1,85,CHEM112,2,1,76,,
ab1769@nittany.edu,DS220,1,1,72,CMPSC461,1,1,73,CMPSC132,1,1,78,,
as5959@nittany.edu,EE352,2,1,67,CMPEN431,2,1,78,EE330,2,1,86,,
as3517@nittany.edu,EE353,1,1,73,CMPSC475,2,1,76,PHYS214,2,1,70,,
am9248@nittany.edu,CHEM110,1,1,99,EE330,1,1,69,CSE543,1,1,96,,
ab2069@nittany.edu,EE353,2,1,85,DS120,1,1,97,EE320,2,1,69,,
ab3353@nittany.edu,IST110,1,1,88,DS120,1,1,68,CMPSC448,1,1,93,,
ag4144@nittany.edu,MATH231,1,1,84,DS220,2,1,68,CHEM112,1,1,83,,
ae4536@nittany.edu,CMPSC497,1,1,86,STAT319,1,1,91,CMPEN454,2,1,65,,
as6603@nittany.edu,CSE583,2,1,97,PHYS212,1,1,92,CMPEN351,2,1,99,,
as6904@nittany.edu,DS220,1,1,94,CMPEN362,1,1,98,ECON101,2,1,85,,
ah4627@nittany.edu,IST128,2,1,95,IST110,1,1,66,CMPSC132,1,1,99,,
ac6117@nittany.edu,CSE583,2,1,61,CMPEN441,2,1,76,CMPSC461,1,1,98,,
bs3099@nittany.edu,CMPSC431W,2,1,63,CSE583,2,1,72,IST128,1,1,62,,
ar5750@nittany.edu,CMPEN454,1,1,63,CMPSC131,2,1,60,CMPEN270,1,1,71,,
bk4164@nittany.edu,ECON101,2,1,95,CMPEN270,1,1,96,STAT414,2,1,68,,
ah1893@nittany.edu,CMPEN351,2,1,85,PHYS213,1,1,81,EE311,1,1,100,,
as4372@nittany.edu,CMPEN362,1,1,81,EE330,1,1,90,DS220,1,1,80,,
ah8649@nittany.edu,MATH140,1,1,67,CMPEN411,2,1,98,CMPSC497,2,1,86,,
bl7521@nittany.edu,PHYS213,2,1,95,STAT318,1,1,63,EE353,1,1,84,,
bp1701@nittany.edu,CMPEN270,2,1,88,CMPSC461,2,1,76,IST558,2,1,88,,
ah2132@nittany.edu,CMPEN411,2,1,73,STAT414,1,1,90,CMPSC497,2,1,94,,
aw9070@nittany.edu,CMPEN351,1,1,71,MATH140,1,1,68,STAT415,2,1,89,,
ap7012@nittany.edu,CHEM111,1,1,75,DS220,1,1,89,EE210,2,1,64,,
aw1897@nittany.edu,CMPEN351,1,1,65,EE311,1,1,76,STAT414,1,1,75,,
ab3016@nittany.edu,MATH141,1,1,95,CMPEN411,2,1,95,MATH230,2,1,88,,
as7706@nittany.edu,EE212,2,1,90,CMPEN351,1,1,77,CMPEN362,1,1,91,,
aw2413@nittany.edu,ECON102,2,1,99,CMPSC360,1,1,97,EE353,2,1,70,,
ab4636@nittany.edu,CMPSC311,2,1,97,STAT414,1,1,79,STAT318,2,1,72,,
ay6012@nittany.edu,EE211,1,1,94,ECON101,2,1,96,CMPEN411,2,1,75,,
am1296@nittany.edu,PHYS213,1,1,90,CMPSC461,2,1,77,DS120,2,1,66,,
co9856@nittany.edu,CMPSC431W,1,1,65,CMPSC131,2,1,75,CMPEN411,1,1,76,,
bg1874@nittany.edu,ECON201,1,1,94,IST558,2,1,74,CMPEN331,2,1,71,,
cz9116@nittany.edu,CMPEN454,1,1,99,CMPSC311,1,1,90,CMPEN362,1,1,91,,
ch1256@nittany.edu,CMPEN454,2,1,88,CMPSC461,1,1,62,PHYS213,1,1,88,,
am2658@nittany.edu,MATH140,2,1,69,CMPEN454,2,1,68,IST558,1,1,96,,
cg4965@nittany.edu,CMPSC221,1,1,69,CMPEN331,1,1,95,EE353,1,1,71,,
ch2187@nittany.edu,CMPSC131,1,1,60,CMPSC132,2,1,70,EE311,2,1,91,,
cd3328@nittany.edu,EE352,2,1,75,CSE583,1,1,90,CMPSC461,1,1,99,,
bb2169@nittany.edu,PHYS214,1,1,65,CMPSC465,2,1,60,CSE583,1,1,70,,
aj2734@nittany.edu,CMPSC461,2,1,89,CMPEN270,1,1,91,MATH141,2,1,98,,
cs3661@nittany.edu,EE212,1,1,68,EE311,2,1,77,CMPSC132,1,1,77,,
al7553@nittany.edu,CHEM110,2,1,98,CMPSC461,2,1,62,EE212,2,1,85,,
dg3029@nittany.edu,CMPSC311,1,1,85,MATH140,2,1,64,CMPSC431W,1,1,89,,
aw5441@nittany.edu,PHYS214,2,1,85,ECON201,2,1,99,CMPSC448,2,1,60,,
br5296@nittany.edu,EE212,2,1,81,STAT415,2,1,63,CMPSC132,1,1,70,,
cb8478@nittany.edu,MATH231,1,1,72,CMPEN454,1,1,74,EE211,1,1,97,,
dh5107@nittany.edu,MATH140,1,1,84,CHEM112,1,1,72,CHEM110,1,1,77,,
bp7844@nittany.edu,CMPEN441,2,1,84,CMPSC132,1,1,92,MATH140,2,1,60,,
cg4094@nittany.edu,CMPEN351,1,1,98,EE340,1,1,70,CMPEN270,1,1,61,,
co3033@nittany.edu,CMPSC132,2,1,67,MATH230,2,1,86,CMPSC131,1,1,72,,
dk6748@nittany.edu,IST558,1,1,90,IST128,2,1,84,CMPEN331,1,1,100,,
ag2003@nittany.edu,ECON102,1,1,72,CMPEN431,2,1,89,CSE583,2,1,80,,
bh9149@nittany.edu,CMPEN411,2,1,65,CMPSC131,1,1,62,CMPSC221,1,1,99,,
as3353@nittany.edu,CMPSC132,1,1,97,CMPSC448,1,1,62,CSE583,1,1,80,,
bk6824@nittany.edu,CSE583,2,1,86,PHYS214,2,1,60,STAT319,1,1,99,,
ds4127@nittany.edu,MATH230,2,1,77,CSE543,1,1,98,CMPEN441,2,1,73,,
ac5862@nittany.edu,IST110,1,1,98,CMPEN441,1,1,72,CMPSC465,2,1,72,,
ck2097@nittany.edu,STAT415,2,1,69,CSE583,1,1,96,EE353,2,1,71,,
cf2840@nittany.edu,STAT415,1,1,100,CHEM111,1,1,83,CMPSC448,2,1,62,,
br8852@nittany.edu,CMPSC497,1,1,94,DS220,2,1,86,IST558,1,1,93,,
cr7454@nittany.edu,CMPEN441,1,1,88,CHEM110,1,1,85,MATH230,2,1,70,,
ch9754@nittany.edu,CHEM111,2,1,93,MATH141,1,1,74,MATH230,2,1,83,,
dh6358@nittany.edu,PHYS211,1,1,89,CMPEN441,1,1,92,CMPSC475,1,1,64,,
bj2880@nittany.edu,EE320,1,1,93,STAT319,1,1,93,IST110,1,1,60,,
ch3297@nittany.edu,CHEM112,2,1,94,DS220,2,1,90,MATH140,1,1,89,,
ak5096@nittany.edu,MATH140,1,1,90,CMPSC465,2,1,81,EE330,2,1,63,,
ag1594@nittany.edu,CMPEN331,1,1,79,MATH231,1,1,92,CMPEN270,2,1,60,,
bb3021@nittany.edu,CMPSC475,2,1,76,CSE543,2,1,77,CMPSC131,1,1,70,,
aw8623@nittany.edu,MATH231,2,1,61,PHYS214,1,1,60,PHYS211,2,1,81,,
cr5283@nittany.edu,CMPSC132,2,1,68,CMPSC131,2,1,88,CMPEN431,1,1,79,,
cn5833@nittany.edu,CMPSC132,1,1,87,STAT415,1,1,65,ECON201,2,1,94,,
bm9506@nittany.edu,ECON102,2,1,94,PHYS214,2,1,71,STAT415,1,1,73,,
cr7460@nittany.edu,ECON102,2,1,96,EE352,2,1,83,CMPSC431W,2,1,83,,
ab8172@nittany.edu,CMPSC465,1,1,65,CMPEN362,2,1,93,EE210,1,1,91,,
cr8911@nittany.edu,DS220,2,1,78,CMPSC311,2,1,67,EE210,1,1,93,,
as9069@nittany.edu,CMPSC132,1,1,95,MATH140,2,1,64,CHEM110,1,1,77,,
bb4483@nittany.edu,DS120,1,1,68,PHYS212,1,1,78,MATH231,2,1,99,,
cw7585@nittany.edu,EE320,1,1,60,IST128,2,1,61,IST558,1,1,84,,
am3245@nittany.edu,CMPSC475,2,1,90,CMPSC448,2,1,73,PHYS214,1,1,88,,
cb2134@nittany.edu,ECON101,1,1,63,PHYS212,2,1,76,CSE543,2,1,68,,
ah8299@nittany.edu,ECON101,1,1,91,DS220,1,1,87,STAT414,1,1,78,,
bh1407@nittany.edu,CMPSC465,2,1,90,EE311,1,1,79,CMPEN362,1,1,85,,
ck4064@nittany.edu,CMPEN431,2,1,65,EE212,2,1,66,STAT319,2,1,83,,
cr7030@nittany.edu,CMPSC311,1,1,69,PHYS212,2,1,73,MATH140,2,1,73,,
aa2256@nittany.edu,CMPEN331,2,1,98,CMPSC497,1,1,88,DS220,1,1,73,,
cr7834@nittany.edu,CMPSC448,2,1,66,CMPEN351,1,1,96,CMPEN411,1,1,76,,
ct2924@nittany.edu,CMPEN441,1,1,62,CSE543,2,1,67,MATH231,2,1,85,,
bw8893@nittany.edu,IST110,2,1,83,ECON102,2,1,75,CMPSC465,1,1,95,,
cg7136@nittany.edu,DS120,2,1,100,CMPEN362,2,1,66,CMPSC221,2,1,65,,
cc2445@nittany.edu,MATH231,2,1,75,CHEM112,1,1,81,ECON101,1,1,65,,
cc1235@nittany.edu,EE212,2,1,78,CMPEN454,1,1,71,CMPSC448,2,1,98,,
ca6499@nittany.edu,DS120,1,1,63,CMPSC311,1,1,88,ECON102,1,1,97,,
cq4861@nittany.edu,PHYS212,1,1,69,STAT319,1,1,81,EE352,2,1,76,,
cn5368@nittany.edu,CHEM112,2,1,98,CMPSC475,2,1,91,PHYS211,1,1,66,,
bl4092@nittany.edu,CMPSC311,1,1,82,IST558,2,1,99,EE320,2,1,72,,
ba4903@nittany.edu,STAT414,2,1,66,CMPSC311,2,1,78,EE210,1,1,79,,
cw6141@nittany.edu,IST110,2,1,81,CMPSC311,2,1,75,CMPSC221,1,1,99,,
cm4400@nittany.edu,MATH140,1,1,93,EE330,2,1,65,EE211,1,1,94,,
ck6661@nittany.edu,IST110,1,1,67,CMPSC448,2,1,63,CMPSC360,2,1,90,,
co5263@nittany.edu,CMPEN362,1,1,72,EE340,1,1,70,DS120,1,1,94,,
cs4243@nittany.edu,CMPEN441,1,1,60,EE352,2,1,63,STAT414,2,1,64,,
bc4962@nittany.edu,CMPEN431,1,1,61,STAT415,2,1,89,STAT319,2,1,93,,
af8503@nittany.edu,MATH230,2,1,88,STAT415,2,1,91,CMPEN331,1,1,91,,
am6323@nittany.edu,EE211,2,1,61,EE340,1,1,83,PHYS211,2,1,70,,
bp7877@nittany.edu,EE320,2,1,79,EE311,1,1,86,PHYS213,2,1,77,,
cw7068@nittany.edu,DS220,2,1,76,CMPEN331,1,1,91,CMPSC448,1,1,91,,
bl6052@nittany.edu,CMPSC221,2,1,70,CMPSC475,2,1,98,DS120,1,1,85,,
cs2006@nittany.edu,CHEM111,1,1,78,CMPEN362,2,1,76,IST110,1,1,68,,
ah6141@nittany.edu,DS120,1,1,91,STAT415,2,1,79,EE210,2,1,93,,
cs3754@nittany.edu,PHYS213,1,1,89,MATH230,2,1,65,MATH140,2,1,73,,
bk6475@nittany.edu,CHEM111,1,1,79,EE340,1,1,82,EE352,1,1,91,,
ch6057@nittany.edu,CMPSC221,2,1,85,CMPSC132,2,1,61,MATH231,2,1,76,,
ar9287@nittany.edu,EE211,2,1,98,MATH231,2,1,90,IST110,2,1,93,,
bm6234@nittany.edu,EE330,1,1,67,CMPSC221,2,1,67,IST110,1,1,92,,
bs1006@nittany.edu,CMPSC360,2,1,78,CMPEN270,2,1,67,CMPEN441,1,1,63,,
ca5845@nittany.edu,STAT318,1,1,75,EE311,2,1,81,CMPSC465,1,1,74,,
cb6121@nittany.edu,CMPEN331,2,1,88,STAT318,2,1,69,DS220,1,1,80,,
dh5008@nittany.edu,CMPSC131,1,1,87,CMPEN351,2,1,75,IST558,1,1,97,,
al8943@nittany.edu,CMPEN454,1,1,92,CMPEN362,2,1,71,ECON201,1,1,65,,
ak5890@nittany.edu,EE210,2,1,63,MATH230,1,1,71,MATH140,2,1,99,,
ca1975@nittany.edu,EE340,2,1,95,STAT414,2,1,98,CMPEN441,2,1,82,,
as2674@nittany.edu,PHYS214,2,1,81,CMPEN351,2,1,63,CMPSC465,1,1,73,,
ck4873@nittany.edu,DS220,2,1,77,PHYS211,1,1,94,CMPSC131,1,1,91,,
dr8416@nittany.edu,CMPSC132,1,1,66,IST110,2,1,90,EE210,2,1,97,,
cs5417@nittany.edu,CMPSC461,1,1,67,CMPEN441,1,1,73,STAT414,2,1,61,,
bd6345@nittany.edu,CMPEN331,2,1,68,CHEM112,2,1,80,ECON101,2,1,71,,
bl3745@nittany.edu,EE353,2,1,66,EE330,2,1,66,CMPEN270,1,1,74,,
bo5114@nittany.edu,ECON201,2,1,94,MATH141,2,1,63,EE212,1,1,64,,
ck8437@nittany.edu,IST110,1,1,81,ECON101,1,1,98,MATH231,2,1,79,,
ag5931@nittany.edu,STAT415,1,1,84,CMPEN431,1,1,68,CSE583,2,1,74,,
bf5148@nittany.edu,CSE543,1,1,68,PHYS213,1,1,96,PHYS211,2,1,76,,
db2409@nittany.edu,MATH140,1,1,96,CMPSC431W,2,1,84,CMPEN431,2,1,87,,
as2481@nittany.edu,CMPSC448,1,1,73,CMPSC497,1,1,75,CSE543,1,1,71,,
cd4187@nittany.edu,EE353,1,1,64,PHYS211,1,1,87,CHEM111,2,1,94,,
aj3787@nittany.edu,CMPSC461,2,1,65,DS220,1,1,86,CMPEN362,2,1,87,,
ae5810@nittany.edu,CMPEN270,1,1,99,STAT415,1,1,89,CHEM111,2,1,70,,
cc6232@nittany.edu,CMPSC461,1,1,79,MATH141,2,1,62,EE212,2,1,94,,
br8383@nittany.edu,MATH231,1,1,81,CMPEN431,1,1,76,PHYS213,1,1,69,,
dc8417@nittany.edu,CMPSC448,1,1,81,EE353,1,1,63,CHEM111,1,1,69,,
ap8774@nittany.edu,CMPEN411,2,1,94,EE320,2,1,84,CMPEN331,2,1,80,,
bb4001@nittany.edu,EE352,2,1,60,MATH141,2,1,63,EE212,2,1,86,,
cp9426@nittany.edu,PHYS212,2,1,75,STAT319,2,1,83,PHYS211,2,1,74,,
dh7522@nittany.edu,CMPEN351,1,1,86,EE330,1,1,89,CMPEN411,1,1,72,,
ao3325@nittany.edu,CMPSC497,2,1,66,ECON201,1,1,61,EE330,2,1,68,,
cs4540@nittany.edu,CMPEN411,1,1,66,EE311,1,1,81,CMPEN331,2,1,90,,
cw3561@nittany.edu,ECON201,1,1,75,ECON102,2,1,85,MATH140,1,1,71,,
cm5322@nittany.edu,EE210,2,1,69,PHYS214,2,1,97,CMPSC360,1,1,94,,
ab5104@nittany.edu,CSE543,2,1,74,MATH141,1,1,92,CMPSC497,2,1,69,,
cw1038@nittany.edu,IST128,2,1,74,PHYS213,1,1,92,CMPEN411,2,1,99,,
aw8382@nittany.edu,ECON102,1,1,96,STAT318,2,1,94,EE340,1,1,70,,
cb5065@nittany.edu,CMPEN270,1,1,97,CMPEN411,2,1,72,STAT319,2,1,61,,
bt1573@nittany.edu,CMPEN411,1,1,90,EE212,1,1,75,CSE583,2,1,100,,
cs3610@nittany.edu,CHEM112,1,1,94,CMPSC465,1,1,68,STAT319,2,1,93,,
db6530@nittany.edu,CMPEN411,2,1,83,ECON102,1,1,71,CMPSC360,1,1,94,,
cs1816@nittany.edu,EE210,1,1,62,CMPEN351,1,1,69,CMPEN270,2,1,96,,
eh3966@nittany.edu,STAT415,1,1,69,PHYS213,2,1,84,CMPEN270,1,1,85,,
gl5131@nittany.edu,EE330,2,1,72,STAT318,2,1,63,CMPEN270,2,1,61,,
eu6734@nittany.edu,ECON101,2,1,92,ECON102,2,1,67,CMPEN351,1,1,77,,
gj1336@nittany.edu,EE210,2,1,71,CMPEN454,1,1,90,ECON102,1,1,92,,
fe4839@nittany.edu,CMPEN351,1,1,87,CSE543,1,1,66,ECON201,2,1,63,,
ew9592@nittany.edu,EE211,2,1,89,EE340,2,1,78,CHEM111,1,1,98,,
ed8801@nittany.edu,EE353,2,1,63,EE330,2,1,70,CSE583,1,1,98,,
gp4162@nittany.edu,CMPEN411,2,1,63,CMPSC448,1,1,87,EE311,2,1,91,,
is6689@nittany.edu,EE352,1,1,91,STAT415,1,1,93,ECON201,1,1,64,,
ie2276@nittany.edu,CMPEN431,2,1,63,CMPSC461,1,1,65,PHYS214,2,1,61,,
ek4881@nittany.edu,EE210,2,1,67,CHEM112,2,1,65,PHYS214,1,1,69,,
gj5319@nittany.edu,EE352,2,1,66,ECON101,2,1,84,CHEM111,1,1,70,,
dg3660@nittany.edu,EE311,1,1,80,DS120,1,1,64,EE352,2,1,75,,
em6584@nittany.edu,EE330,2,1,82,CHEM112,2,1,61,EE320,1,1,70,,
db1016@nittany.edu,IST110,2,1,69,CMPSC360,1,1,82,MATH230,2,1,94,,
gl1897@nittany.edu,MATH140,1,1,88,CMPSC221,2,1,99,CMPSC448,2,1,100,,
da1878@nittany.edu,CMPSC221,2,1,79,PHYS213,2,1,70,DS120,1,1,91,,
ed7159@nittany.edu,DS220,2,1,74,ECON101,1,1,100,CMPEN331,1,1,70,,
gr5445@nittany.edu,CMPSC360,1,1,76,CMPEN441,1,1,78,IST558,1,1,76,,
fk6517@nittany.edu,EE353,1,1,78,STAT414,1,1,96,STAT415,1,1,90,,
ea7463@nittany.edu,EE320,2,1,82,ECON101,2,1,63,STAT414,2,1,73,,
dl7664@nittany.edu,CMPEN270,1,1,85,CMPSC448,1,1,80,IST110,1,1,67,,
dk5949@nittany.edu,CSE543,2,1,62,CMPSC131,2,1,100,PHYS213,2,1,95,,
do9924@nittany.edu,CMPEN351,2,1,74,CMPEN331,1,1,100,EE320,1,1,66,,
ew2287@nittany.edu,MATH231,1,1,75,CMPEN351,2,1,69,STAT318,1,1,87,,
dw8054@nittany.edu,EE340,2,1,94,CMPEN331,2,1,73,CSE543,1,1,68,,
fo7818@nittany.edu,MATH231,1,1,73,CHEM111,1,1,61,EE210,2,1,67,,
do2791@nittany.edu,CMPSC360,1,1,79,CSE583,2,1,86,EE212,2,1,83,,
dl2872@nittany.edu,IST558,1,1,99,MATH230,2,1,91,ECON101,2,1,98,,
hc9512@nittany.edu,CMPEN362,1,1,85,DS120,2,1,65,CMPSC132,2,1,86,,
fw9529@nittany.edu,PHYS214,1,1,65,ECON101,2,1,76,CMPSC360,1,1,89,,
fb6120@nittany.edu,CMPEN351,2,1,79,CMPSC131,2,1,89,CMPSC461,1,1,60,,
ej6416@nittany.edu,PHYS214,1,1,87,CMPEN351,2,1,64,CMPSC311,2,1,87,,
gs5261@nittany.edu,DS120,2,1,79,ECON101,1,1,78,CMPEN454,1,1,61,,
hs3812@nittany.edu,IST110,2,1,88,EE320,2,1,97,CHEM112,2,1,67,,
er9643@nittany.edu,CMPSC221,1,1,66,PHYS211,1,1,84,CMPSC448,2,1,89,,
gb9073@nittany.edu,ECON102,2,1,90,MATH230,1,1,77,CMPSC221,1,1,72,,
eh3135@nittany.edu,EE340,1,1,81,MATH141,2,1,99,CMPEN331,2,1,71,,
ds7254@nittany.edu,STAT318,1,1,86,ECON102,2,1,99,EE353,1,1,97,,
dw8693@nittany.edu,EE353,2,1,64,EE340,1,1,62,MATH140,1,1,68,,
eb5700@nittany.edu,CMPSC311,1,1,60,CMPSC360,1,1,92,MATH141,1,1,81,,
gb8971@nittany.edu,MATH141,1,1,87,IST558,2,1,84,CMPSC448,2,1,97,,
eb9702@nittany.edu,EE212,1,1,82,EE311,2,1,66,STAT415,2,1,92,,
fm5811@nittany.edu,EE330,2,1,63,CMPSC497,1,1,85,STAT415,2,1,93,,
il8896@nittany.edu,CMPEN454,2,1,67,EE212,1,1,86,ECON101,2,1,81,,
eb7897@nittany.edu,STAT319,2,1,84,CSE543,2,1,81,CMPSC465,1,1,93,,
gb9628@nittany.edu,CMPEN331,2,1,98,CMPSC465,1,1,61,IST110,1,1,61,,
el2162@nittany.edu,CMPSC475,1,1,75,PHYS214,1,1,74,PHYS212,2,1,81,,
dz1220@nittany.edu,EE210,1,1,73,STAT319,2,1,83,MATH140,1,1,65,,
em9606@nittany.edu,CMPSC448,1,1,92,CSE583,2,1,83,MATH140,1,1,94,,
dd7048@nittany.edu,CMPSC465,2,1,91,EE211,2,1,78,CMPSC475,2,1,73,,
hb4427@nittany.edu,CMPSC465,2,1,89,CSE583,2,1,98,CMPEN351,2,1,88,,
du5385@nittany.edu,EE330,1,1,100,CMPSC448,1,1,70,CMPSC461,1,1,61,,
do7088@nittany.edu,CMPSC431W,2,1,76,CMPEN362,1,1,87,CMPSC475,2,1,82,,
hh4615@nittany.edu,MATH231,2,1,96,CSE583,1,1,72,PHYS213,2,1,77,,
gl1181@nittany.edu,PHYS212,2,1,71,MATH141,1,1,75,CMPEN454,1,1,73,,
ds7549@nittany.edu,PHYS214,2,1,99,CHEM112,1,1,61,CMPSC132,1,1,96,,
ej6093@nittany.edu,CMPSC131,1,1,99,MATH141,1,1,63,IST558,1,1,74,,
dt1755@nittany.edu,CMPSC221,1,1,84,CSE543,1,1,88,CMPSC461,1,1,73,,
gh1031@nittany.edu,MATH140,1,1,92,CMPSC311,2,1,86,CMPSC461,2,1,88,,
dg9379@nittany.edu,EE340,1,1,80,EE210,2,1,91,CMPSC360,2,1,74,,
hq7130@nittany.edu,PHYS214,1,1,82,CMPEN431,1,1,88,ECON201,2,1,89,,
dl8726@nittany.edu,EE320,2,1,70,IST128,2,1,96,CSE543,1,1,89,,
fk3783@nittany.edu,EE352,1,1,60,CMPEN270,2,1,91,EE320,2,1,74,,
hs3254@nittany.edu,MATH230,1,1,63,CMPSC461,2,1,90,STAT318,1,1,61,,
eg9777@nittany.edu,ECON201,1,1,60,CSE543,2,1,62,STAT319,2,1,68,,
eh8403@nittany.edu,CMPEN270,2,1,68,IST558,1,1,81,CMPSC221,1,1,75,,
dg1041@nittany.edu,EE311,1,1,72,EE210,1,1,82,CHEM112,2,1,81,,
ew3399@nittany.edu,EE320,1,1,74,EE210,2,1,84,MATH230,1,1,77,,
dr5383@nittany.edu,MATH140,2,1,100,EE211,2,1,84,CMPEN441,2,1,70,,
ib8603@nittany.edu,CMPSC461,2,1,66,DS120,2,1,91,CMPEN411,2,1,77,,
ef2211@nittany.edu,STAT414,1,1,74,EE320,2,1,76,CMPEN351,1,1,87,,
hs6780@nittany.edu,CMPEN431,2,1,67,CMPSC448,1,1,99,CSE583,2,1,100,,
dh7046@nittany.edu,STAT318,1,1,85,CMPSC465,1,1,75,CMPSC431W,2,1,62,,
gl5818@nittany.edu,DS220,1,1,74,MATH140,1,1,75,EE210,2,1,65,,
gr4392@nittany.edu,PHYS211,2,1,83,CMPEN441,1,1,61,EE330,1,1,78,,
hm9327@nittany.edu,PHYS214,1,1,73,EE330,1,1,71,CMPEN431,1,1,89,,
er5239@nittany.edu,CMPSC311,1,1,72,CMPEN362,2,1,96,EE211,1,1,89,,
ek3642@nittany.edu,CMPEN441,1,1,67,EE210,2,1,73,ECON102,1,1,61,,
gr4591@nittany.edu,CMPSC360,2,1,62,EE311,2,1,83,EE211,1,1,92,,
fw2120@nittany.edu,CMPEN454,1,1,92,CMPSC360,2,1,71,EE212,2,1,92,,
fc5125@nittany.edu,CMPEN454,2,1,81,ECON101,1,1,89,DS120,2,1,87,,
hh1524@nittany.edu,DS220,1,1,98,CMPEN270,1,1,75,CMPEN431,1,1,63,,
dg7321@nittany.edu,STAT415,1,1,97,CMPEN431,1,1,70,CMPSC431W,1,1,99,,
dp4783@nittany.edu,ECON102,1,1,95,CMPEN351,2,1,71,CHEM110,1,1,97,,
gd4593@nittany.edu,CMPSC132,1,1,78,CMPSC221,1,1,84,EE340,1,1,92,,
dg7987@nittany.edu,ECON101,1,1,84,CSE583,1,1,90,MATH141,2,1,60,,
gr3326@nittany.edu,EE210,1,1,72,MATH231,1,1,90,CMPEN441,1,1,68,,
dk1425@nittany.edu,CMPSC131,1,1,80,CMPEN331,1,1,80,EE340,1,1,69,,
fr1588@nittany.edu,EE330,1,1,87,CMPEN454,1,1,79,CMPSC360,2,1,60,,
hc6195@nittany.edu,CMPEN454,1,1,79,CMPSC497,2,1,99,CMPEN270,2,1,80,,
fa1972@nittany.edu,CMPSC475,1,1,83,STAT415,2,1,61,CHEM111,2,1,69,,
ff4897@nittany.edu,CMPSC461,2,1,74,PHYS211,1,1,60,ECON101,1,1,75,,
gj7421@nittany.edu,PHYS211,2,1,91,CMPEN331,2,1,80,CHEM110,2,1,75,,
dk5850@nittany.edu,CMPEN411,2,1,97,MATH231,1,1,89,EE352,1,1,95,,
gh2561@nittany.edu,CMPSC131,2,1,84,CMPSC221,2,1,71,PHYS213,2,1,99,,
gs2617@nittany.edu,IST128,2,1,69,IST558,1,1,68,CMPSC465,1,1,79,,
eb3303@nittany.edu,CMPSC465,2,1,89,EE211,2,1,66,PHYS214,2,1,70,,
dt1653@nittany.edu,CMPSC360,1,1,89,EE353,2,1,64,CMPEN351,2,1,93,,
em9510@nittany.edu,PHYS212,1,1,67,EE212,1,1,91,STAT414,2,1,87,,
hh1856@nittany.edu,STAT319,2,1,78,CSE583,2,1,75,CMPSC311,1,1,99,,
eh6509@nittany.edu,ECON201,2,1,68,ECON102,2,1,97,CMPSC461,2,1,88,,
hm8630@nittany.edu,CMPEN441,2,1,72,CMPSC448,2,1,70,ECON101,2,1,65,,
eq3640@nittany.edu,IST110,2,1,97,CMPEN331,1,1,77,EE210,2,1,90,,
hw8828@nittany.edu,CMPSC431W,2,1,69,DS220,1,1,73,CMPSC461,2,1,77,,
ew8925@nittany.edu,CMPSC465,1,1,100,STAT318,1,1,92,ECON101,2,1,99,,
ek5867@nittany.edu,CSE543,1,1,62,MATH141,2,1,100,EE352,1,1,61,,
dm6277@nittany.edu,CMPEN270,1,1,89,EE330,2,1,79,IST110,1,1,64,,
er2458@nittany.edu,CMPEN362,2,1,69,ECON101,2,1,81,CSE543,2,1,72,,
ew2185@nittany.edu,CMPEN270,1,1,73,ECON102,2,1,72,EE311,1,1,73,,
gp3361@nittany.edu,CSE583,1,1,98,CSE543,2,1,75,CMPSC475,1,1,82,,
dh7362@nittany.edu,CMPSC475,2,1,98,CMPSC431W,1,1,86,EE212,2,1,89,,
eo6418@nittany.edu,CMPSC132,1,1,96,EE211,2,1,99,CMPSC431W,1,1,90,,
da3247@nittany.edu,CMPSC465,1,1,75,MATH140,1,1,69,EE352,2,1,67,,
gd1891@nittany.edu,CMPSC221,2,1,69,CMPSC475,2,1,65,EE320,2,1,66,,
dm4287@nittany.edu,CMPSC465,2,1,65,PHYS212,1,1,87,CMPSC360,2,1,91,,
dj4017@nittany.edu,STAT415,1,1,64,CHEM111,2,1,90,PHYS213,2,1,76,,
dg3528@nittany.edu,MATH140,2,1,88,EE340,2,1,78,MATH231,2,1,78,,
iw4518@nittany.edu,CMPSC431W,2,1,95,EE211,1,1,83,DS220,2,1,89,,
ds8193@nittany.edu,STAT414,1,1,66,ECON101,2,1,79,STAT415,2,1,87,,
ds2879@nittany.edu,CMPEN351,1,1,100,ECON102,2,1,81,CMPSC461,2,1,65,,
hl4356@nittany.edu,MATH140,2,1,60,CHEM110,2,1,66,CMPSC131,2,1,62,,
dw5475@nittany.edu,EE340,2,1,96,CMPSC497,1,1,100,EE212,2,1,96,,
ft1093@nittany.edu,CMPSC465,1,1,95,MATH141,1,1,81,CMPSC448,2,1,65,,
fs3719@nittany.edu,CMPEN431,1,1,87,CMPEN270,1,1,72,CMPEN411,1,1,99,,
ds2224@nittany.edu,CMPSC461,2,1,60,EE211,1,1,93,PHYS212,2,1,70,,
es8944@nittany.edu,CMPSC475,1,1,86,STAT318,1,1,60,STAT319,1,1,85,,
gt3176@nittany.edu,CMPEN441,1,1,76,IST128,2,1,62,ECON201,2,1,66,,
dc7489@nittany.edu,IST128,1,1,62,CMPSC497,1,1,68,PHYS212,2,1,68,,
ek7386@nittany.edu,CHEM112,2,1,62,CMPSC465,2,1,99,CMPEN362,2,1,96,,
fg4672@nittany.edu,MATH140,2,1,96,CHEM110,2,1,63,CHEM111,1,1,93,,
da2022@nittany.edu,EE210,1,1,65,CMPSC448,1,1,79,CHEM110,1,1,64,,
fs1546@nittany.edu,CMPSC475,2,1,76,PHYS213,2,1,88,CMPEN270,1,1,69,,
ew7279@nittany.edu,EE211,2,1,73,MATH230,2,1,73,CHEM111,1,1,93,,
hh9927@nittany.edu,PHYS214,2,1,99,EE210,2,1,88,DS220,2,1,61,,
gd6812@nittany.edu,EE330,2,1,86,EE352,2,1,86,STAT415,1,1,61,,
gh4919@nittany.edu,PHYS212,1,1,83,EE210,2,1,80,PHYS214,1,1,68,,
hb6400@nittany.edu,CMPSC131,2,1,74,ECON101,1,1,73,EE330,1,1,83,,
dl4708@nittany.edu,IST110,1,1,92,CMPSC131,2,1,68,MATH141,2,1,73,,
fw1745@nittany.edu,CMPSC461,2,1,100,CHEM111,1,1,92,MATH231,1,1,82,,
gb6345@nittany.edu,CMPSC360,1,1,80,EE330,2,1,70,CMPSC448,2,1,64,,
ed1041@nittany.edu,EE311,1,1,64,CMPSC497,1,1,79,MATH231,2,1,60,,
er8341@nittany.edu,EE211,1,1,75,CMPSC497,2,1,64,MATH231,1,1,88,,
ej3628@nittany.edu,ECON102,1,1,97,EE352,1,1,99,CMPSC131,1,1,100,,
gs3266@nittany.edu,IST558,2,1,97,IST110,1,1,73,CMPEN441,1,1,99,,
dm6239@nittany.edu,CMPEN362,2,1,90,EE352,1,1,97,EE210,2,1,82,,
fh7189@nittany.edu,CMPSC132,2,1,71,CMPEN441,1,1,73,CMPSC131,1,1,88,,
gr1809@nittany.edu,CMPSC475,2,1,78,EE353,2,1,97,IST128,2,1,61,,
hm5525@nittany.edu,CMPSC360,1,1,92,EE212,1,1,77,CMPSC475,1,1,88,,
eg7228@nittany.edu,ECON101,2,1,68,CMPSC497,1,1,71,DS220,1,1,60,,
em2859@nittany.edu,PHYS213,1,1,66,CMPSC360,2,1,94,CMPEN431,1,1,97,,
eg5689@nittany.edu,STAT319,1,1,66,PHYS212,1,1,90,CMPSC461,1,1,68,,
dc8436@nittany.edu,PHYS213,2,1,91,PHYS211,1,1,61,EE320,2,1,74,,
eo5933@nittany.edu,CHEM110,1,1,93,CMPEN411,2,1,89,STAT318,1,1,76,,
ek2555@nittany.edu,CMPSC221,2,1,75,PHYS211,1,1,78,STAT415,2,1,99,,
ib9263@nittany.edu,EE210,2,1,64,CSE543,2,1,68,CMPSC497,1,1,62,,
dl7100@nittany.edu,CHEM110,1,1,87,CMPEN454,1,1,66,STAT318,2,1,72,,
gh1212@nittany.edu,CSE583,2,1,65,CMPSC221,2,1,88,STAT415,2,1,99,,
dc3082@nittany.edu,CHEM111,2,1,62,CMPEN454,2,1,96,CMPSC360,1,1,76,,
em3990@nittany.edu,EE340,2,1,87,CMPSC131,2,1,73,CHEM112,2,1,95,,
dk9439@nittany.edu,CMPSC221,2,1,75,CMPEN441,1,1,96,PHYS211,2,1,95,,
gs6695@nittany.edu,MATH230,1,1,91,EE352,1,1,80,MATH140,1,1,65,,
gp6880@nittany.edu,PHYS213,2,1,86,CMPSC448,1,1,70,CMPEN431,2,1,97,,
es9891@nittany.edu,ECON102,1,1,84,MATH231,1,1,96,ECON201,2,1,93,,
ds2211@nittany.edu,ECON201,2,1,77,STAT319,2,1,84,PHYS214,2,1,72,,
er2244@nittany.edu,CMPSC132,2,1,93,IST110,1,1,83,PHYS211,2,1,79,,
do8320@nittany.edu,MATH141,2,1,82,EE353,2,1,63,CMPSC465,2,1,100,,
er6539@nittany.edu,CSE583,2,1,85,IST128,2,1,65,STAT415,1,1,90,,
ds2123@nittany.edu,EE212,1,1,79,CMPSC448,1,1,96,EE330,1,1,87,,
dg8738@nittany.edu,CMPEN331,1,1,86,EE352,1,1,88,CMPSC497,2,1,95,,
dr9676@nittany.edu,MATH141,1,1,70,CMPEN331,2,1,68,MATH230,2,1,67,,
er2818@nittany.edu,EE353,1,1,74,CMPEN362,2,1,60,STAT319,2,1,92,,
gc5107@nittany.edu,CSE583,2,1,73,CMPSC465,2,1,90,PHYS212,2,1,86,,
da8807@nittany.edu,EE311,2,1,93,EE210,1,1,61,DS120,2,1,82,,
gk3247@nittany.edu,ECON101,1,1,98,CMPSC221,1,1,61,CMPEN454,2,1,75,,
hs1177@nittany.edu,CMPEN270,1,1,73,CHEM110,1,1,64,EE211,1,1,89,,
hb7496@nittany.edu,EE311,2,1,83,EE211,2,1,75,MATH140,1,1,87,,
hd3109@nittany.edu,EE311,1,1,73,EE330,1,1,85,CMPSC221,2,1,60,,
dm9701@nittany.edu,CHEM112,2,1,64,CMPEN362,2,1,61,EE320,2,1,90,,
es2273@nittany.edu,ECON201,1,1,61,STAT414,2,1,83,ECON102,2,1,94,,
em7352@nittany.edu,CMPEN362,1,1,98,STAT318,1,1,78,PHYS212,1,1,80,,
dr6246@nittany.edu,EE210,2,1,100,PHYS212,1,1,63,ECON201,2,1,62,,
dw2632@nittany.edu,CHEM110,2,1,93,ECON101,2,1,88,CMPSC221,1,1,66,,
dh1318@nittany.edu,CMPSC311,2,1,83,MATH141,2,1,72,CMPSC431W,1,1,84,,
ev8921@nittany.edu,CMPEN441,2,1,94,MATH230,2,1,82,STAT414,2,1,80,,
gw5806@nittany.edu,EE320,1,1,78,PHYS214,2,1,69,EE352,1,1,68,,
dr3255@nittany.edu,CMPSC431W,2,1,72,EE352,1,1,81,CMPSC448,1,1,65,,
dh3792@nittany.edu,EE212,2,1,72,CHEM110,1,1,79,MATH230,1,1,63,,
dc5453@nittany.edu,MATH231,2,1,66,CMPEN431,1,1,77,CHEM111,1,1,78,,
fh5083@nittany.edu,CMPSC311,1,1,88,CMPEN411,1,1,70,CMPSC497,1,1,70,,
ew8429@nittany.edu,MATH141,1,1,79,EE320,2,1,68,EE340,1,1,66,,
eb2377@nittany.edu,EE212,1,1,74,CMPEN431,1,1,73,CHEM111,2,1,96,,
fr6216@nittany.edu,CSE543,1,1,76,DS120,1,1,67,CMPSC131,2,1,98,,
eb9389@nittany.edu,EE352,2,1,92,CMPSC448,2,1,72,EE211,1,1,96,,
ee6932@nittany.edu,MATH230,2,1,94,CMPEN351,1,1,72,IST128,2,1,92,,
er9391@nittany.edu,EE352,2,1,66,PHYS211,1,1,85,CSE543,2,1,81,,
da4619@nittany.edu,EE212,2,1,65,PHYS211,2,1,77,CMPEN362,1,1,97,,
dr7544@nittany.edu,CMPSC132,1,1,72,CMPSC465,1,1,77,PHYS214,1,1,81,,
ej7700@nittany.edu,CMPSC311,1,1,83,CMPSC461,2,1,98,CMPEN454,2,1,72,,
df7770@nittany.edu,MATH230,1,1,67,CMPEN351,2,1,67,PHYS212,1,1,78,,
ds5937@nittany.edu,CMPEN441,2,1,88,DS220,2,1,78,STAT319,2,1,94,,
hk5972@nittany.edu,CMPEN351,1,1,76,PHYS211,2,1,100,CMPEN411,1,1,67,,
dg6925@nittany.edu,CMPEN362,2,1,74,CMPEN351,2,1,93,IST110,1,1,62,,
em9445@nittany.edu,CHEM112,1,1,87,EE320,1,1,90,STAT318,2,1,93,,
gk9861@nittany.edu,PHYS213,2,1,87,CHEM110,2,1,66,STAT318,1,1,80,,
gc5114@nittany.edu,CMPSC131,1,1,61,EE311,2,1,77,CMPSC360,1,1,87,,
dj1479@nittany.edu,CMPEN431,2,1,75,CMPSC497,2,1,80,MATH230,2,1,91,,
hr2868@nittany.edu,PHYS211,2,1,75,EE330,1,1,60,CMPEN331,1,1,98,,
fb4575@nittany.edu,PHYS213,1,1,86,CSE543,1,1,83,CMPSC431W,1,1,87,,
de5828@nittany.edu,CMPEN331,2,1,63,CHEM111,2,1,91,EE352,2,1,78,,
fm5590@nittany.edu,CMPSC132,2,1,92,STAT415,2,1,99,CMPSC497,2,1,69,,
fr8166@nittany.edu,IST558,1,1,94,ECON102,2,1,72,CHEM110,2,1,73,,
dl6390@nittany.edu,EE210,1,1,86,CMPEN411,1,1,66,STAT415,1,1,81,,
df8189@nittany.edu,IST558,2,1,99,CMPSC360,2,1,96,EE353,1,1,63,,