Courses,Post_number,Post 1,Post 1 By
CSE583,1,Homework 1 for CSE583?,rr8243@nittany.edu
CMPSC431W,2,Exam for CMPSC431W?,ld4137@nittany.edu
CMPSC465,3,Homework 1 for CMPSC465?,dm4287@nittany.edu
CMPSC475,4,Exam for CMPSC475?,fs1546@nittany.edu
CMPSC131,5,Homework 1 for CMPSC131?,jr8665@nittany.edu
CMPSC221,6,Exam for CMPSC221?,cg4965@nittany.edu
CMPSC311,7,Homework 1 for CMPSC311?,mf6881@nittany.edu
CMPEN331,8,Exam for CMPEN331?,ih9335@nittany.edu
CMPEN362,9,Homework 1 for CMPEN362?,pb8346@nittany.edu
CMPEN431,10,Exam for CMPEN431?,lh7203@nittany.edu
CMPEN454,11,Homework 1 for CMPEN454?,nb5135@nittany.edu
EE211,12,Exam for EE211?,mc9149@nittany.edu
EE311,13,Homework 1 for EE311?,sn9491@nittany.edu
EE330,14,Exam for EE330?,lb6520@nittany.edu
EE352,15,Homework 1 for EE352?,js8165@nittany.edu
MATH140,16,Exam for MATH140?,lk7361@nittany.edu
MATH230,17,Homework 1 for MATH230?,af8503@nittany.edu
PHYS211,18,Exam for PHYS211?,lt8326@nittany.edu
PHYS213,19,Homework 1 for PHYS213?,fb4575@nittany.edu
STAT318,20,Exam for STAT318?,ca5845@nittany.edu
STAT414,21,Homework 1 for STAT414?,ds8193@nittany.edu
ECON101,22,Exam for ECON101?,sg4622@nittany.edu
ECON201,23,Homework 1 for ECON201?,sg9224@nittany.edu
CHEM111,24,Exam for CHEM111?,mj2446@nittany.edu
IST110,25,Homework 1 for IST110?,dl4708@nittany.edu
IST128,26,Exam for IST128?,mg8599@nittany.edu
DS120,27,Homework 1 for DS120?,rh2046@nittany.edu