Name,Email,password,Age,Gender,Department,Office,Department Name,Title,Teaching Team ID,Teaching
Dr Arlie Adams,aa18@nittany.edu,de604bb0e9a52f586f32f6f3d0223e84,60,F,EE,"131, Building 13",Electrical and Electronics Engineering,Professor,40,EE212
Dr Aspen Brown,ab29@nittany.edu,966875390e63ef04f17db6aee511d1c5,49,F,EE,"276, Building 13",Electrical and Electronics Engineering,Professor,6,EE311
Dr Addai Reyes,ar69@nittany.edu,888433b7d39a28d412eca869db5f0168,48,F,PHYS,"174, Building 8",Physics,Head,12,PHYS211
Dr Adan Senior,as52@nittany.edu,1280a97ba9cf0ed34b0dd6db4d21c92c,57,F,STAT,"110, Building 14",Statistics,Head,21,STAT318
Dr Blas Butler,bb77@nittany.edu,0fc1a075ec99281fab88daee21cff2e7,44,F,CMPSC,"228, Building 7",Computer Science,Professor,11,CMPSC311
Dr Bethel Hawkins,bh63@nittany.edu,14e841b85b98fca23269f206f37667ab,44,M,MATH,"294, Building 12",Mathematics,Professor,45,MATH231
Dr Beauregard Moore,bm79@nittany.edu,4bb535d7982157ad10dea64fcabe5ac5,59,M,CMPEN,"107, Building 5",Computer Engineering,Professor,28,CMPEN411
Dr Baldwin Roberts,br31@nittany.edu,7367159cfe8a7f14c31badcc563f1435,42,F,EE,"293, Building 13",Electrical and Electronics Engineering,Professor,17,EE340
Dr Buddy Sutherland,bs39@nittany.edu,2f257ad7cca95ab39c31a9438587244a,57,M,PHYS,"175, Building 8",Physics,Professor,29,PHYS214
Dr Cassidy Gomez,cg89@nittany.edu,6ed139339e4440f6c57689a8c5a901ab,44,F,EE,"149, Building 13",Electrical and Electronics Engineering,Professor,53,EE330
Dr Cavan Jacobs,cj88@nittany.edu,85097726d5efc63974db19bd792df420,56,M,STAT,"156, Building 14",Statistics,Professor,18,STAT319
Dr Carlyle Peters,cp54@nittany.edu,6e6a4c7c08c107982d3e49224dbe54fd,42,M,STAT,"227, Building 14",Statistics,Professor,39,STAT414
Dr Casimiro Young,cy98@nittany.edu,60f76c83b7718d02187bfa5dce548ad8,41,F,MATH,"277, Building 12",Mathematics,Professor,41,MATH141
Dr Deshawn Cox,dc80@nittany.edu,e710c8b05f252015399650c8e04e29a0,51,M,CMPSC,"187, Building 7",Computer Science,Professor,23,CMPSC475
Dr Dikembe Sanchez,ds51@nittany.edu,548a27866b9a7f777cb46e4f851e8bae,47,M,CMPSC,"232, Building 7",Computer Science,Professor,5,CMPSC465
Dr Derwent White,dw78@nittany.edu,1e7f244d5b5c37694a659becc9ecef4f,59,F,CMPEN,"138, Building 5",Computer Engineering,Professor,54,CMPEN362
Dr Erasmo Martin,em34@nittany.edu,cbaa23b6851b6036c14c2dc812f38959,50,F,PHYS,"127, Building 8",Physics,Professor,49,PHYS212
Dr Finch Foster,ff47@nittany.edu,f8fb255ce4da2346978d389de72e712e,50,F,CHEM,"217, Building 3",Chemistry,Head,10,CHEM110
Dr Ford Price,fp60@nittany.edu,319008d42acc8b3fcc840a514f7825d0,56,F,CMPEN,"189, Building 5",Computer Engineering,Professor,47,CMPEN454
Dr Freowine Rogers,fr23@nittany.edu,cf1a3fbcede1da26df55045297fc6402,47,M,CMPSC,"105, Building 7",Computer Science,Professor,2,CMPSC448
Dr Gil Bell,gb44@nittany.edu,8d02afab8c3c7b98884106b6d24d75cd,52,M,CMPSC,"284, Building 7",Computer Science,Professor,30,CMPSC497
Dr Halsey Lopez,hl43@nittany.edu,1ce64208a798efb999221982e4c8ee33,52,F,CMPSC,"289, Building 7",Computer Science,Professor,38,CMPSC461
Dr Halliwell Phillips,hp75@nittany.edu,62ef3aa349e492bc033af669455ad83d,43,M,CMPEN,"124, Building 5",Computer Engineering,Professor,16,CMPEN431
Dr Jackie Carpenter,jc66@nittany.edu,c71b2545e2e1e9a2273dec1f1989aac7,47,F,MATH,"181, Building 12",Mathematics,Head,36,MATH140
Dr Jerred Martinez,jm33@nittany.edu,c45a67ac33751d0c6b290c0d958f9913,55,F,CMPEN,"239, Building 5",Computer Engineering,Head,52,CMPEN270
Dr Jair Woods,jw68@nittany.edu,489a64e151c251fa1e092db6d60b2277,58,M,DS,"213, Building 6",Data Science,Head,8,DS220
Dr Kourtney Booth,kb76@nittany.edu,27a7407126a642d7ca56c340e9256d77,51,M,ECON,"224, Building 15",Economics,Professor,27,ECON201
Dr Karol Hodgson,kh18@nittany.edu,90a760f4c8ba42c408ab3d304ae3c056,46,M,EE,"144, Building 13",Electrical and Electronics Engineering,Professor,19,EE353
Dr Kofi Myers,km14@nittany.edu,c04bfcc2a4c173cfdd1d257496885f9e,46,M,CMPEN,"222, Building 5",Computer Engineering,Professor,43,CMPEN351
Dr Konnor Nicholson,kn67@nittany.edu,0ec22dfabb1bcd86890c36fb117f784f,55,M,CHEM,"170, Building 3",Chemistry,Professor,34,CHEM112
Dr Lexis Gardner,lg14@nittany.edu,1639d5e053733ea6c578d2cbefad2972,46,F,ECON,"206, Building 15",Economics,Head,51,ECON101
Dr Luca Torres,lt47@nittany.edu,3f322c78838e3b0a200d3775af7a995e,57,F,CMPSC,"188, Building 7",Computer Science,Professor,33,CMPSC221
Dr Marni Amor,ma43@nittany.edu,5e2e376836bb549b6e530a1b2044333f,56,M,DS,"216, Building 6",Data Science,Professor,22,DS410
Dr Mina Harding,mh33@nittany.edu,771c3d7049b7fabeca94d05eda681fc1,57,F,IST,"184, Building 10",Information Science and Technology,Professor,7,IST128
Dr Merle Hill,mh50@nittany.edu,5d9be43a010ff0ef780e803d11a0cc92,60,M,EE,"180, Building 13",Electrical and Electronics Engineering,Head,44,EE210
Dr Mikelle Parry,mp11@nittany.edu,86ed983cbacb8ca81be3c6eb3afdf824,41,M,PHYS,"182, Building 8",Physics,Professor,14,PHYS213
Dr Norton Hughes,nh89@nittany.edu,50a74b781dd4d93f65e741e25e8284d0,48,F,CSE,"212, Building 18",Computer Science and Engineering,Professor,48,CSE543
Dr Nann Wood,nw51@nittany.edu,209b08de528c304942d667cd810e3d37,56,M,CSE,"256, Building 18",Computer Science and Engineering,Head,37,CSE583
Dr Rich Collins,rc19@nittany.edu,54049ce52d17ede7530061000be50e98,49,M,CMPEN,"142, Building 5",Computer Engineering,Professor,24,CMPEN441
Dr Royce Edwards,re79@nittany.edu,ed01fd3e50cb92b0e6ce8f63e249ec16,48,M,CMPSC,"261, Building 7",Computer Science,Professor,13,CMPSC360
Dr Roy Fuller,rf73@nittany.edu,5bc74ab7880600a5fd63c022e8eb1798,41,M,STAT,"104, Building 14",Statistics,Professor,46,STAT415
Dr Raimy Perez,rp45@nittany.edu,3c2c8109c809d62f122f41a96beb6e9f,53,M,EE,"152, Building 13",Electrical and Electronics Engineering,Professor,26,EE320
Dr Royal Parsons,rp85@nittany.edu,2b6d20e391897ca0d3e902369d9dd3fc,44,M,CHEM,"257, Building 3",Chemistry,Professor,31,CHEM111
Dr Ralf Reed,rr63@nittany.edu,fdddf10878d335bf3f04dcc85bdde113,56,M,DS,"270, Building 6",Data Science,Professor,9,DS120
Dr Russell Richardson,rr82@nittany.edu,d1d58ae5702bc51d459ec74a3d694ab2,53,M,CMPSC,"168, Building 7",Computer Science,Head,35,CMPSC431W
Dr Radcliff Silva,rs62@nittany.edu,76f22fc7c9be69803be5735d791e8b8a,56,M,IST,"274, Building 10",Information Science and Technology,Professor,32,IST558
Dr Rudd Sullivan,rs84@nittany.edu,e48c07e033276c95dccea6e1a43e3e77,53,M,IST,"195, Building 10",Information Science and Technology,Head,1,IST110
Dr Sheldon Cook,sc45@nittany.edu,8adee5743a9b27786ae580ce0a27c95d,56,M,CMPSC,"253, Building 7",Computer Science,Professor,42,CMPSC131
Dr Searles Williams,sw32@nittany.edu,d02e65aacabd6d2abb2ec742a577805c,53,F,EE,"219, Building 13",Electrical and Electronics Engineering,Professor,15,EE352
Dr Thatcher Jenkins,tj11@nittany.edu,f8dca5c70f85471a22f7b68177150233,52,M,EE,"296, Building 13",Electrical and Electronics Engineering,Professor,4,EE211
Dr Virginia Hines,vh43@nittany.edu,901699065cdd8b955e0706fa432fb15d,45,F,MATH,"268, Building 12",Mathematics,Professor,50,MATH230
Dr Walker Campbell,wc77@nittany.edu,03d09053bf3c041de11e7826fb21f781,58,M,CMPSC,"126, Building 7",Computer Science,Professor,25,CMPSC132
Dr Welborn Mitchell,wm35@nittany.edu,fd2f7d224c97f733c4c37a30cf7bc212,55,M,ECON,"236, Building 15",Economics,Professor,20,ECON102
Dr Wincent Peterson,wp45@nittany.edu,bb5aa3eb3fcc67f20c84c2ec0a67506f,60,F,CMPEN,"160, Building 5",Computer Engineering,Professor,3,CMPEN331