Email,Teaching Team ID
al4613@nittany.edu,
am4447@nittany.edu,
ak9804@nittany.edu,
as1233@nittany.edu,
al5684@nittany.edu,
al6759@nittany.edu,24
ah2567@nittany.edu,
ab8825@nittany.edu,
ak1365@nittany.edu,25
at2037@nittany.edu,34
as3627@nittany.edu,
ah3078@nittany.edu,
ab8389@nittany.edu,
at1813@nittany.edu,
ao8250@nittany.edu,
al8826@nittany.edu,
ab4479@nittany.edu,
al5806@nittany.edu,
aj1457@nittany.edu,
ar7586@nittany.edu,
am6718@nittany.edu,
as4057@nittany.edu,3
az6923@nittany.edu,
ab9912@nittany.edu,9
ap8429@nittany.edu,
ag4728@nittany.edu,
am5109@nittany.edu,
ab3717@nittany.edu,
ah5707@nittany.edu,
ad9791@nittany.edu,
aw2983@nittany.edu,
lj2993@nittany.edu,
rb1832@nittany.edu,
ld8122@nittany.edu,
md5914@nittany.edu,
kf8268@nittany.edu,
pz6665@nittany.edu,
mr6639@nittany.edu,
sc5452@nittany.edu,
tp8468@nittany.edu,
ih9335@nittany.edu,
me9525@nittany.edu,
pr4075@nittany.edu,
nk8056@nittany.edu,
jz5577@nittany.edu,
jp2632@nittany.edu,
lk7361@nittany.edu,
ks1880@nittany.edu,15
ms2404@nittany.edu,
ih5431@nittany.edu,
sm4115@nittany.edu,
js8078@nittany.edu,
mb4117@nittany.edu,
rm8585@nittany.edu,3
mg1976@nittany.edu,
kc4364@nittany.edu,
rh2046@nittany.edu,
jh2885@nittany.edu,
ms9362@nittany.edu,
jl6447@nittany.edu,
mr2329@nittany.edu,
ma5503@nittany.edu,
rb4971@nittany.edu,
jc5818@nittany.edu,
kg2618@nittany.edu,
lg4120@nittany.edu,
sg2123@nittany.edu,15
tp3946@nittany.edu,33
sb5076@nittany.edu,
mh2221@nittany.edu,
vs8351@nittany.edu,
mm1324@nittany.edu,
tg2289@nittany.edu,
mk4648@nittany.edu,26
sa8884@nittany.edu,2
kn1468@nittany.edu,
jk5833@nittany.edu,
md1699@nittany.edu,
mc4814@nittany.edu,
ll2646@nittany.edu,
mr3369@nittany.edu,
tb7100@nittany.edu,
wm3293@nittany.edu,
jb9557@nittany.edu,
ko8881@nittany.edu,
zj6533@nittany.edu,
mb4756@nittany.edu,27
mr3556@nittany.edu,
md3813@nittany.edu,
km6173@nittany.edu,1
sg3060@nittany.edu,
ms7605@nittany.edu,
tm4946@nittany.edu,
jg1721@nittany.edu,
yc2897@nittany.edu,
ss9714@nittany.edu,
rb9779@nittany.edu,
zr6768@nittany.edu,
rc6428@nittany.edu,
jt5287@nittany.edu,
lo7605@nittany.edu,
tr4637@nittany.edu,
lr3728@nittany.edu,
xg4863@nittany.edu,
me5010@nittany.edu,
lr5472@nittany.edu,
sh4974@nittany.edu,
la9924@nittany.edu,
ms2737@nittany.edu,
tb8127@nittany.edu,
mm2976@nittany.edu,
th3170@nittany.edu,
kk3742@nittany.edu,
nd2615@nittany.edu,
sb6428@nittany.edu,
rr9237@nittany.edu,
mm1660@nittany.edu,
mr1462@nittany.edu,38
lg1828@nittany.edu,
jo7172@nittany.edu,
ma5045@nittany.edu,
mc4696@nittany.edu,25
rs3973@nittany.edu,
my7428@nittany.edu,
mv4275@nittany.edu,
vw5806@nittany.edu,
nr4230@nittany.edu,
ma3543@nittany.edu,
mc9149@nittany.edu,
lg2530@nittany.edu,46
sh4671@nittany.edu,
mt7030@nittany.edu,
lt3713@nittany.edu,
jw3861@nittany.edu,
kr4923@nittany.edu,
nf6339@nittany.edu,
md6319@nittany.edu,
mb1688@nittany.edu,
mk5190@nittany.edu,
mk3204@nittany.edu,
oc3904@nittany.edu,
km6627@nittany.edu,
js6308@nittany.edu,
jw4897@nittany.edu,
vl7715@nittany.edu,
ph3861@nittany.edu,
md2194@nittany.edu,
jh3919@nittany.edu,
mw5114@nittany.edu,
ld6778@nittany.edu,
mc1411@nittany.edu,
lg7099@nittany.edu,
mm9659@nittany.edu,32
rc5324@nittany.edu,
mz7312@nittany.edu,
ml5786@nittany.edu,
nh2508@nittany.edu,
ms2255@nittany.edu,
mp4954@nittany.edu,
lj7790@nittany.edu,
sr7729@nittany.edu,
mt8800@nittany.edu,
ld6540@nittany.edu,
sv5358@nittany.edu,51
kf8921@nittany.edu,
rh4718@nittany.edu,
vt8578@nittany.edu,
lu6872@nittany.edu,
lb6520@nittany.edu,
kb6941@nittany.edu,
rv5469@nittany.edu,
ml7975@nittany.edu,
mj4880@nittany.edu,
jf9661@nittany.edu,
lt8366@nittany.edu,
js7099@nittany.edu,
rf2661@nittany.edu,
js8165@nittany.edu,
kk3115@nittany.edu,
mr4635@nittany.edu,
ve8889@nittany.edu,
ml3983@nittany.edu,
ld8065@nittany.edu,
jk4403@nittany.edu,
in2805@nittany.edu,
pb8346@nittany.edu,
rf1782@nittany.edu,
mn6721@nittany.edu,
sm6043@nittany.edu,
lj2224@nittany.edu,
wr3515@nittany.edu,
wl5243@nittany.edu,
jr8665@nittany.edu,
ns1210@nittany.edu,
ms6173@nittany.edu,
na8379@nittany.edu,21
ls6337@nittany.edu,
sm9645@nittany.edu,
rr8243@nittany.edu,
lw4369@nittany.edu,
il3541@nittany.edu,
mg8505@nittany.edu,
mo1186@nittany.edu,
pw1726@nittany.edu,
lm6031@nittany.edu,
mj6359@nittany.edu,
pc8832@nittany.edu,
mf8214@nittany.edu,15
jb5052@nittany.edu,
ma8938@nittany.edu,
lf4727@nittany.edu,
jh1874@nittany.edu,
rb6281@nittany.edu,
mr5864@nittany.edu,
ml6213@nittany.edu,
mk7773@nittany.edu,
nc8172@nittany.edu,1
mj5914@nittany.edu,
me2148@nittany.edu,
mk8847@nittany.edu,
my3786@nittany.edu,
jm3669@nittany.edu,
uf7067@nittany.edu,
mr2575@nittany.edu,
mb3709@nittany.edu,25
jk4409@nittany.edu,
ys9174@nittany.edu,
rf1538@nittany.edu,2
no6118@nittany.edu,
lc4994@nittany.edu,
oh8195@nittany.edu,12
jc2471@nittany.edu,17
mm3162@nittany.edu,
jh7997@nittany.edu,
ik6824@nittany.edu,
tk5748@nittany.edu,
ts1830@nittany.edu,1
kr6619@nittany.edu,
rk2653@nittany.edu,
sg4622@nittany.edu,
jl3236@nittany.edu,
kh1826@nittany.edu,1
me2596@nittany.edu,
jl9851@nittany.edu,
sw7724@nittany.edu,
kh5883@nittany.edu,15
mn2842@nittany.edu,
mt7911@nittany.edu,
pf6936@nittany.edu,
mc8336@nittany.edu,
mv1311@nittany.edu,11
kk2666@nittany.edu,
ok7520@nittany.edu,
mt3151@nittany.edu,51
lb8326@nittany.edu,
lh1031@nittany.edu,
mn1239@nittany.edu,
ka1472@nittany.edu,
tt1799@nittany.edu,
mr5565@nittany.edu,
ma6036@nittany.edu,
mr9406@nittany.edu,26
os4077@nittany.edu,
mi6642@nittany.edu,
mj1523@nittany.edu,
pw7815@nittany.edu,
jo5683@nittany.edu,2
kl1348@nittany.edu,
ns2358@nittany.edu,
vr4622@nittany.edu,
mk1572@nittany.edu,
ts5040@nittany.edu,
mj1117@nittany.edu,
kp5214@nittany.edu,
me4221@nittany.edu,
lh8743@nittany.edu,
ka6770@nittany.edu,
wa5135@nittany.edu,44
la7071@nittany.edu,
kl9753@nittany.edu,
jh3336@nittany.edu,
sb1972@nittany.edu,
kb3574@nittany.edu,
lv3076@nittany.edu,
mt4811@nittany.edu,
zp7831@nittany.edu,
mr1020@nittany.edu,
ws6593@nittany.edu,
lw8769@nittany.edu,
ms6765@nittany.edu,
mj9606@nittany.edu,
jc4011@nittany.edu,
mj5224@nittany.edu,2
jz6925@nittany.edu,
vo6259@nittany.edu,
ks3998@nittany.edu,
mt3231@nittany.edu,
ws8716@nittany.edu,
md7627@nittany.edu,
th2610@nittany.edu,
mh8661@nittany.edu,21
vk8864@nittany.edu,
mh3437@nittany.edu,
ww9231@nittany.edu,
mk1676@nittany.edu,
ub9586@nittany.edu,
lh6961@nittany.edu,6
kf5693@nittany.edu,
sb2082@nittany.edu,
mn2870@nittany.edu,
ug5112@nittany.edu,
tk1529@nittany.edu,
ib2806@nittany.edu,
os7226@nittany.edu,
ne9599@nittany.edu,
vg5084@nittany.edu,
mr5670@nittany.edu,
km6416@nittany.edu,
sj7472@nittany.edu,21
wr1679@nittany.edu,
mr8602@nittany.edu,
ma8046@nittany.edu,
mg1007@nittany.edu,
lh3004@nittany.edu,
zr6066@nittany.edu,
jg5906@nittany.edu,15
ok5696@nittany.edu,
mw5391@nittany.edu,
sm5970@nittany.edu,
mn6897@nittany.edu,
rm8553@nittany.edu,
jl5459@nittany.edu,
ml1743@nittany.edu,
ph1773@nittany.edu,
ma8953@nittany.edu,
pp2997@nittany.edu,2
vk7408@nittany.edu,
ro9937@nittany.edu,
tf2405@nittany.edu,
pm3642@nittany.edu,21
kr9949@nittany.edu,43
mt2086@nittany.edu,
tw6502@nittany.edu,
ol7450@nittany.edu,
jw6319@nittany.edu,
ok8829@nittany.edu,
ps1087@nittany.edu,
mp7952@nittany.edu,
sm5549@nittany.edu,
td2477@nittany.edu,
sm8842@nittany.edu,
jp5962@nittany.edu,
mg1791@nittany.edu,
sg1979@nittany.edu,
lo3428@nittany.edu,15
ml7753@nittany.edu,
js3927@nittany.edu,
me9897@nittany.edu,
mb5390@nittany.edu,
sg4417@nittany.edu,
lt7103@nittany.edu,
pt3035@nittany.edu,
wc1418@nittany.edu,42
mm2047@nittany.edu,51
ma4242@nittany.edu,
jn3590@nittany.edu,
mh4972@nittany.edu,
jh3004@nittany.edu,
sp7638@nittany.edu,
vn4576@nittany.edu,
mj2446@nittany.edu,
mh9005@nittany.edu,
mp5777@nittany.edu,
mj1886@nittany.edu,
mp5980@nittany.edu,
mr7087@nittany.edu,
kk1267@nittany.edu,
jm7206@nittany.edu,
mm8916@nittany.edu,
jr1301@nittany.edu,
rq8420@nittany.edu,46
tf8025@nittany.edu,
ob6043@nittany.edu,
jd3188@nittany.edu,
nb5135@nittany.edu,
js4888@nittany.edu,
mt1283@nittany.edu,
tb4699@nittany.edu,
jf5072@nittany.edu,
mj8109@nittany.edu,
sl8096@nittany.edu,
wg1476@nittany.edu,
lb1184@nittany.edu,
kw1043@nittany.edu,
ld4137@nittany.edu,
nb2686@nittany.edu,
rk8121@nittany.edu,24
vp6083@nittany.edu,
mb7672@nittany.edu,
rh9618@nittany.edu,
lw7685@nittany.edu,
me6698@nittany.edu,34
mp7693@nittany.edu,
us6442@nittany.edu,
ma9983@nittany.edu,
mk7105@nittany.edu,
ma3822@nittany.edu,
vy1999@nittany.edu,
lw8160@nittany.edu,
nm4783@nittany.edu,
nb4212@nittany.edu,
ms9882@nittany.edu,
mk2377@nittany.edu,
rw1366@nittany.edu,
mr5319@nittany.edu,
kz9097@nittany.edu,
ml7288@nittany.edu,3
jd5932@nittany.edu,
lk1182@nittany.edu,
jk1331@nittany.edu,
jw9436@nittany.edu,
zw5425@nittany.edu,
jk5021@nittany.edu,
mn1003@nittany.edu,
ph8799@nittany.edu,
jl8774@nittany.edu,
mj7408@nittany.edu,
ns6501@nittany.edu,
lr5589@nittany.edu,
me5409@nittany.edu,
mc9096@nittany.edu,
jk4116@nittany.edu,
kb9285@nittany.edu,
kq6968@nittany.edu,
mj6957@nittany.edu,
tp4444@nittany.edu,47
me6706@nittany.edu,
kb8171@nittany.edu,
sr6321@nittany.edu,39
jh1737@nittany.edu,
sp1616@nittany.edu,
pm4249@nittany.edu,
tl1139@nittany.edu,
im1645@nittany.edu,
sd6073@nittany.edu,
po7371@nittany.edu,
wo4044@nittany.edu,35
mc4662@nittany.edu,17
mm9624@nittany.edu,
nb6183@nittany.edu,
mm4674@nittany.edu,
vh5298@nittany.edu,30
mi2648@nittany.edu,
js3229@nittany.edu,
mt2801@nittany.edu,
oh9599@nittany.edu,
jb9306@nittany.edu,
jc1462@nittany.edu,
ks1926@nittany.edu,
sb5646@nittany.edu,
mr3116@nittany.edu,
sn9491@nittany.edu,
mg7684@nittany.edu,
or2228@nittany.edu,
md6611@nittany.edu,
jk4027@nittany.edu,
kd4323@nittany.edu,
mo4621@nittany.edu,
mg4093@nittany.edu,
nm3617@nittany.edu,
sr9640@nittany.edu,
mw6081@nittany.edu,
lt8326@nittany.edu,
mb8575@nittany.edu,
sc6597@nittany.edu,
ma8535@nittany.edu,
mb5410@nittany.edu,
tb1810@nittany.edu,
jg7835@nittany.edu,
yc8409@nittany.edu,
nl1189@nittany.edu,
mg8396@nittany.edu,
ta4214@nittany.edu,
jc9373@nittany.edu,
mr3131@nittany.edu,
mj9296@nittany.edu,
lm8503@nittany.edu,
mt6337@nittany.edu,
mo2344@nittany.edu,
ml8317@nittany.edu,46
mg7641@nittany.edu,
ll6444@nittany.edu,
md1308@nittany.edu,45
jd5592@nittany.edu,
sk9053@nittany.edu,
mt1262@nittany.edu,
mm6682@nittany.edu,
nw3340@nittany.edu,
td2308@nittany.edu,
jw3297@nittany.edu,
sp1402@nittany.edu,42
ml5796@nittany.edu,
kc1302@nittany.edu,
ld9084@nittany.edu,
oc9232@nittany.edu,
ma9716@nittany.edu,
jh2181@nittany.edu,
md7018@nittany.edu,
rm1496@nittany.edu,
og7528@nittany.edu,
ma8013@nittany.edu,
kk5103@nittany.edu,
jj6204@nittany.edu,
lh7203@nittany.edu,
lr4974@nittany.edu,
rr1861@nittany.edu,
xb9185@nittany.edu,
mb2685@nittany.edu,
ms6799@nittany.edu,
lm1111@nittany.edu,
ja2479@nittany.edu,
zo2385@nittany.edu,
lr8600@nittany.edu,
kt2960@nittany.edu,
lh7173@nittany.edu,
mj8696@nittany.edu,34
mo9119@nittany.edu,
mr4981@nittany.edu,
rr3451@nittany.edu,
se2637@nittany.edu,
jm7044@nittany.edu,
zg1956@nittany.edu,
mt7486@nittany.edu,5
kh5965@nittany.edu,
rt4621@nittany.edu,
jr8895@nittany.edu,
mc3632@nittany.edu,
oc9673@nittany.edu,
pp1292@nittany.edu,
sr8161@nittany.edu,
mb3501@nittany.edu,
mt2330@nittany.edu,
ss2791@nittany.edu,
lt1060@nittany.edu,
mm9332@nittany.edu,
mk2051@nittany.edu,
jk9270@nittany.edu,
lc9556@nittany.edu,
js1332@nittany.edu,17
ss5447@nittany.edu,
ma2722@nittany.edu,
sw9710@nittany.edu,
sm6158@nittany.edu,
ml5064@nittany.edu,
kh1154@nittany.edu,
kt5956@nittany.edu,
kr9918@nittany.edu,
ko8925@nittany.edu,
mf6881@nittany.edu,
mk4451@nittany.edu,
sm5255@nittany.edu,
rb2832@nittany.edu,
jr3224@nittany.edu,
kt2050@nittany.edu,
wd2661@nittany.edu,
rf1975@nittany.edu,
mn9410@nittany.edu,
sr4229@nittany.edu,
tm5315@nittany.edu,
ls2077@nittany.edu,
rr4724@nittany.edu,
qj6035@nittany.edu,
jp6334@nittany.edu,
ms6805@nittany.edu,
sm4829@nittany.edu,
mp8264@nittany.edu,
md9837@nittany.edu,
mc9587@nittany.edu,
wa5127@nittany.edu,
mp8748@nittany.edu,17
vl5929@nittany.edu,
md8760@nittany.edu,
rh1754@nittany.edu,
mc2699@nittany.edu,
jh9891@nittany.edu,
iv6531@nittany.edu,
ir2135@nittany.edu,
mr1874@nittany.edu,
rr7213@nittany.edu,
rh6801@nittany.edu,
mj1770@nittany.edu,25
mm6107@nittany.edu,
ma4550@nittany.edu,
jm2995@nittany.edu,
mz7054@nittany.edu,
km3504@nittany.edu,
om9683@nittany.edu,
jm6846@nittany.edu,
jk4828@nittany.edu,
rl4225@nittany.edu,14
mg8599@nittany.edu,
lb9630@nittany.edu,
pp1200@nittany.edu,
sw4720@nittany.edu,
lm1801@nittany.edu,
mh9954@nittany.edu,
kw1386@nittany.edu,
pa6499@nittany.edu,
sw3767@nittany.edu,
rl7115@nittany.edu,
sb4094@nittany.edu,
lm3612@nittany.edu,
mm7898@nittany.edu,
sd7475@nittany.edu,
mz3667@nittany.edu,
mo1767@nittany.edu,
ms1481@nittany.edu,
wr2752@nittany.edu,
ou9392@nittany.edu,
ml9111@nittany.edu,
lh5555@nittany.edu,
rs3074@nittany.edu,
mb2986@nittany.edu,
mh2194@nittany.edu,
sg9224@nittany.edu,
sl9147@nittany.edu,
tz1637@nittany.edu,
bk5477@nittany.edu,1
af2362@nittany.edu,
at5855@nittany.edu,
bb2708@nittany.edu,
ab1769@nittany.edu,
as5959@nittany.edu,35
as3517@nittany.edu,
am9248@nittany.edu,11
ab2069@nittany.edu,
ab3353@nittany.edu,
ag4144@nittany.edu,
ae4536@nittany.edu,
as6603@nittany.edu,
as6904@nittany.edu,
ah4627@nittany.edu,
ac6117@nittany.edu,
bs3099@nittany.edu,
ar5750@nittany.edu,
bk4164@nittany.edu,
ah1893@nittany.edu,
as4372@nittany.edu,
ah8649@nittany.edu,
bl7521@nittany.edu,
bp1701@nittany.edu,
ah2132@nittany.edu,
aw9070@nittany.edu,
ap7012@nittany.edu,
aw1897@nittany.edu,
ab3016@nittany.edu,
as7706@nittany.edu,
aw2413@nittany.edu,49
ab4636@nittany.edu,
ay6012@nittany.edu,
am1296@nittany.edu,
co9856@nittany.edu,
bg1874@nittany.edu,
cz9116@nittany.edu,
ch1256@nittany.edu,9
am2658@nittany.edu,
cg4965@nittany.edu,
ch2187@nittany.edu,
cd3328@nittany.edu,44
bb2169@nittany.edu,
aj2734@nittany.edu,
cs3661@nittany.edu,
al7553@nittany.edu,
dg3029@nittany.edu,
aw5441@nittany.edu,
br5296@nittany.edu,
cb8478@nittany.edu,
dh5107@nittany.edu,
bp7844@nittany.edu,
cg4094@nittany.edu,
co3033@nittany.edu,
dk6748@nittany.edu,
ag2003@nittany.edu,
bh9149@nittany.edu,
as3353@nittany.edu,
bk6824@nittany.edu,
ds4127@nittany.edu,
ac5862@nittany.edu,21
ck2097@nittany.edu,
cf2840@nittany.edu,34
br8852@nittany.edu,
cr7454@nittany.edu,
ch9754@nittany.edu,
dh6358@nittany.edu,
bj2880@nittany.edu,
ch3297@nittany.edu,
ak5096@nittany.edu,
ag1594@nittany.edu,
bb3021@nittany.edu,
aw8623@nittany.edu,
cr5283@nittany.edu,
cn5833@nittany.edu,
bm9506@nittany.edu,39
cr7460@nittany.edu,
ab8172@nittany.edu,
cr8911@nittany.edu,
as9069@nittany.edu,
bb4483@nittany.edu,
cw7585@nittany.edu,
am3245@nittany.edu,
cb2134@nittany.edu,
ah8299@nittany.edu,
bh1407@nittany.edu,
ck4064@nittany.edu,
cr7030@nittany.edu,
aa2256@nittany.edu,54
cr7834@nittany.edu,
ct2924@nittany.edu,
bw8893@nittany.edu,
cg7136@nittany.edu,
cc2445@nittany.edu,
cc1235@nittany.edu,
ca6499@nittany.edu,
cq4861@nittany.edu,
cn5368@nittany.edu,
bl4092@nittany.edu,
ba4903@nittany.edu,
cw6141@nittany.edu,
cm4400@nittany.edu,
ck6661@nittany.edu,
co5263@nittany.edu,
cs4243@nittany.edu,
bc4962@nittany.edu,
af8503@nittany.edu,
am6323@nittany.edu,
bp7877@nittany.edu,
cw7068@nittany.edu,
bl6052@nittany.edu,
cs2006@nittany.edu,
ah6141@nittany.edu,
cs3754@nittany.edu,
bk6475@nittany.edu,
ch6057@nittany.edu,
ar9287@nittany.edu,28
bm6234@nittany.edu,
bs1006@nittany.edu,
ca5845@nittany.edu,
cb6121@nittany.edu,49
dh5008@nittany.edu,
al8943@nittany.edu,
ak5890@nittany.edu,
ca1975@nittany.edu,
as2674@nittany.edu,
ck4873@nittany.edu,
dr8416@nittany.edu,
cs5417@nittany.edu,
bd6345@nittany.edu,
bl3745@nittany.edu,
bo5114@nittany.edu,
ck8437@nittany.edu,
ag5931@nittany.edu,25
bf5148@nittany.edu,28
db2409@nittany.edu,
as2481@nittany.edu,
cd4187@nittany.edu,
aj3787@nittany.edu,
ae5810@nittany.edu,
cc6232@nittany.edu,
br8383@nittany.edu,
dc8417@nittany.edu,
ap8774@nittany.edu,
bb4001@nittany.edu,50
cp9426@nittany.edu,
dh7522@nittany.edu,
ao3325@nittany.edu,
cs4540@nittany.edu,
cw3561@nittany.edu,
cm5322@nittany.edu,
ab5104@nittany.edu,
cw1038@nittany.edu,
aw8382@nittany.edu,
cb5065@nittany.edu,
bt1573@nittany.edu,
cs3610@nittany.edu,
db6530@nittany.edu,47
cs1816@nittany.edu,
eh3966@nittany.edu,
gl5131@nittany.edu,
eu6734@nittany.edu,
gj1336@nittany.edu,
fe4839@nittany.edu,
ew9592@nittany.edu,
ed8801@nittany.edu,
gp4162@nittany.edu,
is6689@nittany.edu,
ie2276@nittany.edu,
ek4881@nittany.edu,
gj5319@nittany.edu,
dg3660@nittany.edu,
em6584@nittany.edu,
db1016@nittany.edu,
gl1897@nittany.edu,
da1878@nittany.edu,
ed7159@nittany.edu,
gr5445@nittany.edu,
fk6517@nittany.edu,
ea7463@nittany.edu,23
dl7664@nittany.edu,
dk5949@nittany.edu,
do9924@nittany.edu,
ew2287@nittany.edu,
dw8054@nittany.edu,
fo7818@nittany.edu,
do2791@nittany.edu,
dl2872@nittany.edu,
hc9512@nittany.edu,
fw9529@nittany.edu,
fb6120@nittany.edu,
ej6416@nittany.edu,
gs5261@nittany.edu,
hs3812@nittany.edu,
er9643@nittany.edu,
gb9073@nittany.edu,
eh3135@nittany.edu,15
ds7254@nittany.edu,13
dw8693@nittany.edu,
eb5700@nittany.edu,
gb8971@nittany.edu,
eb9702@nittany.edu,
fm5811@nittany.edu,
il8896@nittany.edu,
eb7897@nittany.edu,
gb9628@nittany.edu,
el2162@nittany.edu,
dz1220@nittany.edu,
em9606@nittany.edu,
dd7048@nittany.edu,
hb4427@nittany.edu,
du5385@nittany.edu,
do7088@nittany.edu,
hh4615@nittany.edu,
gl1181@nittany.edu,
ds7549@nittany.edu,
ej6093@nittany.edu,
dt1755@nittany.edu,
gh1031@nittany.edu,
dg9379@nittany.edu,
hq7130@nittany.edu,
dl8726@nittany.edu,
fk3783@nittany.edu,
hs3254@nittany.edu,
eg9777@nittany.edu,
eh8403@nittany.edu,
dg1041@nittany.edu,
ew3399@nittany.edu,
dr5383@nittany.edu,
ib8603@nittany.edu,
ef2211@nittany.edu,
hs6780@nittany.edu,
dh7046@nittany.edu,12
gl5818@nittany.edu,
gr4392@nittany.edu,
hm9327@nittany.edu,
er5239@nittany.edu,
ek3642@nittany.edu,
gr4591@nittany.edu,
fw2120@nittany.edu,
fc5125@nittany.edu,
hh1524@nittany.edu,
dg7321@nittany.edu,
dp4783@nittany.edu,
gd4593@nittany.edu,
dg7987@nittany.edu,
gr3326@nittany.edu,
dk1425@nittany.edu,
fr1588@nittany.edu,
hc6195@nittany.edu,31
fa1972@nittany.edu,
ff4897@nittany.edu,2
gj7421@nittany.edu,
dk5850@nittany.edu,
gh2561@nittany.edu,
gs2617@nittany.edu,
eb3303@nittany.edu,
dt1653@nittany.edu,
em9510@nittany.edu,
hh1856@nittany.edu,
eh6509@nittany.edu,
hm8630@nittany.edu,
eq3640@nittany.edu,
hw8828@nittany.edu,
ew8925@nittany.edu,
ek5867@nittany.edu,
dm6277@nittany.edu,
er2458@nittany.edu,
ew2185@nittany.edu,
gp3361@nittany.edu,
dh7362@nittany.edu,
eo6418@nittany.edu,17
da3247@nittany.edu,
gd1891@nittany.edu,
dm4287@nittany.edu,
dj4017@nittany.edu,43
dg3528@nittany.edu,
iw4518@nittany.edu,
ds8193@nittany.edu,
ds2879@nittany.edu,
hl4356@nittany.edu,
dw5475@nittany.edu,
ft1093@nittany.edu,
fs3719@nittany.edu,47
ds2224@nittany.edu,
es8944@nittany.edu,
gt3176@nittany.edu,
dc7489@nittany.edu,
ek7386@nittany.edu,
fg4672@nittany.edu,32
da2022@nittany.edu,
fs1546@nittany.edu,
ew7279@nittany.edu,
hh9927@nittany.edu,
gd6812@nittany.edu,
gh4919@nittany.edu,
hb6400@nittany.edu,
dl4708@nittany.edu,
fw1745@nittany.edu,
gb6345@nittany.edu,
ed1041@nittany.edu,
er8341@nittany.edu,
ej3628@nittany.edu,
gs3266@nittany.edu,
dm6239@nittany.edu,
fh7189@nittany.edu,
gr1809@nittany.edu,
hm5525@nittany.edu,31
eg7228@nittany.edu,
em2859@nittany.edu,
eg5689@nittany.edu,
dc8436@nittany.edu,
eo5933@nittany.edu,
ek2555@nittany.edu,
ib9263@nittany.edu,
dl7100@nittany.edu,
gh1212@nittany.edu,
dc3082@nittany.edu,
em3990@nittany.edu,1
dk9439@nittany.edu,
gs6695@nittany.edu,
gp6880@nittany.edu,19
es9891@nittany.edu,
ds2211@nittany.edu,
er2244@nittany.edu,
do8320@nittany.edu,
er6539@nittany.edu,
ds2123@nittany.edu,
dg8738@nittany.edu,
dr9676@nittany.edu,
er2818@nittany.edu,
gc5107@nittany.edu,
da8807@nittany.edu,
gk3247@nittany.edu,
hs1177@nittany.edu,
hb7496@nittany.edu,
hd3109@nittany.edu,
dm9701@nittany.edu,
es2273@nittany.edu,
em7352@nittany.edu,
dr6246@nittany.edu,
dw2632@nittany.edu,47
dh1318@nittany.edu,38
ev8921@nittany.edu,
gw5806@nittany.edu,
dr3255@nittany.edu,
dh3792@nittany.edu,
dc5453@nittany.edu,
fh5083@nittany.edu,
ew8429@nittany.edu,
eb2377@nittany.edu,
fr6216@nittany.edu,
eb9389@nittany.edu,
ee6932@nittany.edu,
er9391@nittany.edu,
da4619@nittany.edu,
dr7544@nittany.edu,
ej7700@nittany.edu,19
df7770@nittany.edu,
ds5937@nittany.edu,
hk5972@nittany.edu,
dg6925@nittany.edu,
em9445@nittany.edu,
gk9861@nittany.edu,
gc5114@nittany.edu,
dj1479@nittany.edu,
hr2868@nittany.edu,
fb4575@nittany.edu,
de5828@nittany.edu,
fm5590@nittany.edu,
fr8166@nittany.edu,
dl6390@nittany.edu,
df8189@nittany.edu,