Teaching Team ID,Teaching
37,CSE583
48,CSE543
35,CMPSC431W
38,CMPSC461
5,CMPSC465
2,CMPSC448
23,CMPSC475
30,CMPSC497
42,CMPSC131
25,CMPSC132
33,CMPSC221
13,CMPSC360
11,CMPSC311
52,CMPEN270
3,CMPEN331
43,CMPEN351
54,CMPEN362
28,CMPEN411
16,CMPEN431
24,CMPEN441
47,CMPEN454
44,EE210
4,EE211
40,EE212
6,EE311
26,EE320
53,EE330
17,EE340
15,EE352
19,EE353
36,MATH140
41,MATH141
50,MATH230
45,MATH231
12,PHYS211
49,PHYS212
14,PHYS213
29,PHYS214
21,STAT318
18,STAT319
39,STAT414
46,STAT415
51,ECON101
20,ECON102
27,ECON201
10,CHEM110
31,CHEM111
34,CHEM112
1,IST110
32,IST558
7,IST128
8,DS220
9,DS120
22,DS410